2015/9/2,11,2,36
2015/9/3,64,3,36
2015/9/4,7,4,36
2015/9/4,66,4,36
2015/9/4,102,4,36
2015/9/4,452,4,36
2015/9/4,69,4,36
2015/9/4,168,4,36
2015/9/4,153,4,36
2015/9/4,803,4,36
2015/9/4,1009,4,36
2015/9/4,9,4,36
2015/9/4,358,4,36
2015/9/4,97,4,36
2015/9/7,9,0,37
2015/9/7,8,0,37
2015/9/7,83,0,37
2015/9/7,26,0,37
2015/9/7,34,0,37
2015/9/7,102,0,37
2015/9/7,106,0,37
2015/9/7,107,0,37
2015/9/7,151,0,37
2015/9/7,12,0,37
2015/9/7,13,0,37
2015/9/7,302,0,37
2015/9/7,13,0,37
2015/9/7,106,0,37
2015/9/7,102,0,37
2015/9/7,164,0,37
2015/9/7,151,0,37
2015/9/7,206,0,37
2015/9/7,601,0,37
2015/9/7,10,0,37
2015/9/7,3,0,37
2015/9/7,7,0,37
2015/9/7,206,0,37
2015/9/7,104,0,37
2015/9/7,109,0,37
2015/9/8,6,1,37
2015/9/8,35,1,37
2015/9/8,28,1,37
2015/9/8,67,1,37
2015/9/8,12,1,37
2015/9/8,41,1,37
2015/9/8,35,1,37
2015/9/8,36,1,37
2015/9/8,11,1,37
2015/9/8,106,1,37
2015/9/8,59,1,37
2015/9/8,105,1,37
2015/9/8,19,1,37
2015/9/8,87,1,37
2015/9/8,54,1,37
2015/9/8,58,1,37
2015/9/8,157,1,37
2015/9/8,157,1,37
2015/9/8,43,1,37
2015/9/8,509,1,37
2015/9/9,18,2,37
2015/9/9,129,2,37
2015/9/9,46,2,37
2015/9/9,106,2,37
2015/9/9,26,2,37
2015/9/9,459,2,37
2015/9/9,153,2,37
2015/9/9,108,2,37
2015/9/9,105,2,37
2015/9/9,12,2,37
2015/9/9,408,2,37
2015/9/9,22,2,37
2015/9/9,27,2,37
2015/9/9,25,2,37
2015/9/9,15,2,37
2015/9/9,148,2,37
2015/9/9,165,2,37
2015/9/9,207,2,37
2015/9/9,25,2,37
2015/9/9,105,2,37
2015/9/9,34,2,37
2015/9/9,73,2,37
2015/9/9,307,2,37
2015/9/9,102,2,37
2015/9/9,56,2,37
2015/9/9,37,2,37
2015/9/9,505,2,37
2015/9/9,83,2,37
2015/9/9,43,2,37
2015/9/9,82,2,37
2015/9/9,45,2,37
2015/9/9,6,2,37
2015/9/9,15,2,37
2015/9/9,208,2,37
2015/9/9,401,2,37
2015/9/9,22,2,37
2015/9/9,36,2,37
2015/9/10,53,3,37
2015/9/10,205,3,37
2015/9/10,73,3,37
2015/9/10,51,3,37
2015/9/10,103,3,37
2015/9/10,151,3,37
2015/9/10,36,3,37
2015/9/10,11,3,37
2015/9/10,300,3,37
2015/9/10,306,3,37
2015/9/10,25,3,37
2015/9/10,38,3,37
2015/9/10,53,3,37
2015/9/10,21,3,37
2015/9/10,10,3,37
2015/9/10,57,3,37
2015/9/10,205,3,37
2015/9/10,29,3,37
2015/9/10,19,3,37
2015/9/10,21,3,37
2015/9/10,106,3,37
2015/9/10,11,3,37
2015/9/10,83,3,37
2015/9/10,33,3,37
2015/9/10,33,3,37
2015/9/10,15,3,37
2015/9/10,82,3,37
2015/9/10,29,3,37
2015/9/10,85,3,37
2015/9/10,33,3,37
2015/9/10,44,3,37
2015/9/11,23,4,37
2015/9/11,105,4,37
2015/9/11,539,4,37
2015/9/11,28,4,37
2015/9/11,206,4,37
2015/9/11,59,4,37
2015/9/11,106,4,37
2015/9/11,29,4,37
2015/9/11,22,4,37
2015/9/11,24,4,37
2015/9/11,20,4,37
2015/9/11,18,4,37
2015/9/11,253,4,37
2015/9/11,58,4,37
2015/9/11,39,4,37
2015/9/11,46,4,37
2015/9/11,25,4,37
2015/9/11,112,4,37
2015/9/11,48,4,37
2015/9/11,57,4,37
2015/9/11,6,4,37
2015/9/11,17,4,37
2015/9/11,16,4,37
2015/9/11,102,4,37
2015/9/11,101,4,37
2015/9/11,8,4,37
2015/9/11,107,4,37
2015/9/11,304,4,37
2015/9/11,36,4,37
2015/9/11,130,4,37
2015/9/11,24,4,37
2015/9/11,57,4,37
2015/9/11,1004,4,37
2015/9/11,11,4,37
2015/9/11,252,4,37
2015/9/11,306,4,37
2015/9/11,22,4,37
2015/9/11,124,4,37
2015/9/11,9,4,37
2015/9/11,3,4,37
2015/9/11,49,4,37
2015/9/11,32,4,37
2015/9/11,57,4,37
2015/9/11,207,4,37
2015/9/11,58,4,37
2015/9/11,67,4,37
2015/9/11,32,4,37
2015/9/11,36,4,37
2015/9/11,51,4,37
2015/9/11,59,4,37
2015/9/11,82,4,37
2015/9/11,21,4,37
2015/9/11,7,4,37
2015/9/11,52,4,37
2015/9/11,45,4,37
2015/9/11,27,4,37
2015/9/11,77,4,37
2015/9/11,21,4,37
2015/9/11,39,4,37
2015/9/11,66,4,37
2015/9/11,206,4,37
2015/9/11,79,4,37
2015/9/11,8,4,37
2015/9/14,408,0,38
2015/9/14,95,0,38
2015/9/14,54,0,38
2015/9/14,52,0,38
2015/9/14,35,0,38
2015/9/14,205,0,38
2015/9/14,55,0,38
2015/9/14,251,0,38
2015/9/14,42,0,38
2015/9/14,322,0,38
2015/9/14,19,0,38
2015/9/14,252,0,38
2015/9/14,11,0,38
2015/9/14,130,0,38
2015/9/14,37,0,38
2015/9/14,124,0,38
2015/9/14,754,0,38
2015/9/14,25,0,38
2015/9/14,10,0,38
2015/9/14,58,0,38
2015/9/14,89,0,38
2015/9/14,67,0,38
2015/9/14,38,0,38
2015/9/14,26,0,38
2015/9/14,33,0,38
2015/9/14,63,0,38
2015/9/14,29,0,38
2015/9/15,15,1,38
2015/9/15,5,1,38
2015/9/15,127,1,38
2015/9/15,32,1,38
2015/9/15,27,1,38
2015/9/15,176,1,38
2015/9/15,81,1,38
2015/9/15,69,1,38
2015/9/15,204,1,38
2015/9/15,104,1,38
2015/9/15,225,1,38
2015/9/15,6,1,38
2015/9/15,7,1,38
2015/9/15,26,1,38
2015/9/15,201,1,38
2015/9/15,56,1,38
2015/9/15,16,1,38
2015/9/15,207,1,38
2015/9/15,24,1,38
2015/9/15,83,1,38
2015/9/15,75,1,38
2015/9/15,56,1,38
2015/9/16,16,2,38
2015/9/16,26,2,38
2015/9/16,39,2,38
2015/9/16,159,2,38
2015/9/16,43,2,38
2015/9/16,102,2,38
2015/9/16,113,2,38
2015/9/16,57,2,38
2015/9/16,13,2,38
2015/9/16,205,2,38
2015/9/16,29,2,38
2015/9/16,116,2,38
2015/9/16,28,2,38
2015/9/16,49,2,38
2015/9/16,24,2,38
2015/9/16,39,2,38
2015/9/16,203,2,38
2015/9/16,51,2,38
2015/9/16,125,2,38
2015/9/16,9,2,38
2015/9/16,9,2,38
2015/9/16,12,2,38
2015/9/16,13,2,38
2015/9/16,59,2,38
2015/9/16,47,2,38
2015/9/16,24,2,38
2015/9/16,11,2,38
2015/9/16,45,2,38
2015/9/16,19,2,38
2015/9/16,156,2,38
2015/9/16,104,2,38
2015/9/16,44,2,38
2015/9/16,26,2,38
2015/9/16,21,2,38
2015/9/16,21,2,38
2015/9/17,18,3,38
2015/9/17,4,3,38
2015/9/17,54,3,38
2015/9/17,185,3,38
2015/9/17,14,3,38
2015/9/17,36,3,38
2015/9/17,43,3,38
2015/9/17,51,3,38
2015/9/17,109,3,38
2015/9/17,39,3,38
2015/9/17,42,3,38
2015/9/17,51,3,38
2015/9/17,25,3,38
2015/9/17,102,3,38
2015/9/17,54,3,38
2015/9/17,101,3,38
2015/9/17,44,3,38
2015/9/17,109,3,38
2015/9/17,503,3,38
2015/9/17,129,3,38
2015/9/17,104,3,38
2015/9/17,34,3,38
2015/9/18,34,4,38
2015/9/18,156,4,38
2015/9/18,14,4,38
2015/9/18,8,4,38
2015/9/18,14,4,38
2015/9/18,103,4,38
2015/9/18,124,4,38
2015/9/18,21,4,38
2015/9/18,208,4,38
2015/9/18,32,4,38
2015/9/18,33,4,38
2015/9/18,16,4,38
2015/9/18,22,4,38
2015/9/18,56,4,38
2015/9/18,11,4,38
2015/9/18,12,4,38
2015/9/18,13,4,38
2015/9/18,127,4,38
2015/9/18,85,4,38
2015/9/18,28,4,38
2015/9/18,8,4,38
2015/9/18,37,4,38
2015/9/18,9,4,38
2015/9/18,52,4,38
2015/9/18,86,4,38
2015/9/18,2,4,38
2015/9/18,109,4,38
2015/9/18,38,4,38
2015/9/18,108,4,38
2015/9/18,101,4,38
2015/9/21,18,0,39
2015/9/21,35,0,39
2015/9/21,37,0,39
2015/9/21,25,0,39
2015/9/21,4,0,39
2015/9/21,70,0,39
2015/9/21,62,0,39
2015/9/21,2,0,39
2015/9/21,408,0,39
2015/9/21,61,0,39
2015/9/21,25,0,39
2015/9/22,604,1,39
2015/9/22,10,1,39
2015/9/22,100,1,39
2015/9/22,751,1,39
2015/9/22,9,1,39
2015/9/22,106,1,39
2015/9/22,20,1,39
2015/9/22,16,1,39
2015/9/22,154,1,39
2015/9/22,108,1,39
2015/9/22,11,1,39
2015/9/22,19,1,39
2015/9/22,23,1,39
2015/9/22,94,1,39
2015/9/22,28,1,39
2015/9/22,8,1,39
2015/9/22,32,1,39
2015/9/22,9,1,39
2015/9/22,13,1,39
2015/9/22,801,1,39
2015/9/22,35,1,39
2015/9/22,33,1,39
2015/9/23,24,2,39
2015/9/23,45,2,39
2015/9/23,8,2,39
2015/9/23,661,2,39
2015/9/23,108,2,39
2015/9/23,39,2,39
2015/9/23,1011,2,39
2015/9/23,344,2,39
2015/9/23,1059,2,39
2015/9/23,92,2,39
2015/9/23,817,2,39
2015/9/23,2,2,39
2015/9/23,3,2,39
2015/9/23,85,2,39
2015/9/23,19,2,39
2015/9/23,10,2,39
2015/9/23,37,2,39
2015/9/23,21,2,39
2015/9/23,104,2,39
2015/9/23,155,2,39
2015/9/23,102,2,39
2015/9/23,18,2,39
2015/9/23,59,2,39
2015/9/23,41,2,39
2015/9/23,203,2,39
2015/9/23,308,2,39
2015/9/23,103,2,39
2015/9/23,12,2,39
2015/9/23,108,2,39
2015/9/23,37,2,39
2015/9/23,32,2,39
2015/9/23,9,2,39
2015/9/23,16,2,39
2015/9/23,12,2,39
2015/9/23,59,2,39
2015/9/23,28,2,39
2015/9/24,208,3,39
2015/9/24,109,3,39
2015/9/24,13,3,39
2015/9/24,189,3,39
2015/9/24,808,3,39
2015/9/24,10,3,39
2015/9/24,122,3,39
2015/9/24,53,3,39
2015/9/24,38,3,39
2015/9/24,15,3,39
2015/9/24,21,3,39
2015/9/24,151,3,39
2015/9/24,58,3,39
2015/9/24,104,3,39
2015/9/24,103,3,39
2015/9/24,14,3,39
2015/9/24,409,3,39
2015/9/24,59,3,39
2015/9/24,57,3,39
2015/9/24,92,3,39
2015/9/24,629,3,39
2015/9/24,25,3,39
2015/9/24,43,3,39
2015/9/24,21,3,39
2015/9/24,9,3,39
2015/9/24,47,3,39
2015/9/24,513,3,39
2015/9/24,109,3,39
2015/9/24,45,3,39
2015/9/24,34,3,39
2015/9/24,173,3,39
2015/9/24,16,3,39
2015/9/24,8,3,39
2015/9/24,33,3,39
2015/9/24,827,3,39
2015/9/24,72,3,39
2015/9/24,904,3,39
2015/9/24,45,3,39
2015/9/24,208,3,39
2015/9/24,94,3,39
2015/9/24,21,3,39
2015/9/24,22,3,39
2015/9/24,15,3,39
2015/9/24,18,3,39
2015/9/24,82,3,39
2015/9/24,14,3,39
2015/9/24,66,3,39
2015/9/24,12,3,39
2015/9/24,104,3,39
2015/9/24,34,3,39
2015/9/24,109,3,39
2015/9/24,155,3,39
2015/9/24,105,3,39
2015/9/24,61,3,39
2015/9/24,105,3,39
2015/9/24,102,3,39
2015/9/24,25,3,39
2015/9/24,15,3,39
2015/9/24,18,3,39
2015/9/24,83,3,39
2015/9/25,69,4,39
2015/9/25,56,4,39
2015/9/25,32,4,39
2015/9/25,29,4,39
2015/9/25,189,4,39
2015/9/25,57,4,39
2015/9/25,13,4,39
2015/9/25,18,4,39
2015/9/25,61,4,39
2015/9/25,23,4,39
2015/9/25,307,4,39
2015/9/25,306,4,39
2015/9/25,6,4,39
2015/9/25,54,4,39
2015/9/25,39,4,39
2015/9/25,88,4,39
2015/9/25,3,4,39
2015/9/25,9,4,39
2015/9/25,56,4,39
2015/9/25,11,4,39
2015/9/25,43,4,39
2015/9/25,7,4,39
2015/9/25,82,4,39
2015/9/25,7,4,39
2015/9/25,4,4,39
2015/9/25,206,4,39
2015/9/25,37,4,39
2015/9/25,33,4,39
2015/9/25,156,4,39
2015/9/25,13,4,39
2015/9/28,10,0,40
2015/9/28,14,0,40
2015/9/28,194,0,40
2015/9/28,20,0,40
2015/9/28,207,0,40
2015/9/28,207,0,40
2015/9/28,17,0,40
2015/9/28,23,0,40
2015/9/28,4,0,40
2015/9/29,13,1,40
2015/9/29,28,1,40
2015/9/29,25,1,40
2015/9/29,406,1,40
2015/9/29,165,1,40
2015/9/29,38,1,40
2015/9/30,102,2,40
2015/9/30,103,2,40
2015/9/30,55,2,40
2015/9/30,198,2,40
2015/9/30,54,2,40
2015/9/30,25,2,40
2015/9/30,69,2,40
2015/9/30,10,2,40
2015/9/30,103,2,40
2015/9/30,48,2,40
2015/9/30,8,2,40
2015/9/30,58,2,40
2015/9/30,27,2,40
2015/9/30,155,2,40
2015/9/30,509,2,40
2015/9/30,304,2,40
2015/9/30,58,2,40
2015/9/30,34,2,40
2015/10/5,54,0,41
2015/10/5,77,0,41
2015/10/5,206,0,41
2015/10/5,105,0,41
2015/10/6,12,1,41
2015/10/6,205,1,41
2015/10/6,29,1,41
2015/10/6,25,1,41
2015/10/6,77,1,41
2015/10/6,54,1,41
2015/10/6,641,1,41
2015/10/6,21,1,41
2015/10/6,302,1,41
2015/10/6,301,1,41
2015/10/6,499,1,41
2015/10/6,22,1,41
2015/10/6,52,1,41
2015/10/7,34,2,41
2015/10/7,35,2,41
2015/10/7,27,2,41
2015/10/7,301,2,41
2015/10/7,4,2,41
2015/10/7,56,2,41
2015/10/7,49,2,41
2015/10/7,268,2,41
2015/10/7,26,2,41
2015/10/7,57,2,41
2015/10/7,52,2,41
2015/10/7,54,2,41
2015/10/7,8,2,41
2015/10/7,59,2,41
2015/10/7,48,2,41
2015/10/7,76,2,41
2015/10/7,52,2,41
2015/10/7,104,2,41
2015/10/7,105,2,41
2015/10/8,10,3,41
2015/10/8,22,3,41
2015/10/8,10,3,41
2015/10/8,16,3,41
2015/10/8,23,3,41
2015/10/8,22,3,41
2015/10/8,66,3,41
2015/10/8,43,3,41
2015/10/8,162,3,41
2015/10/8,548,3,41
2015/10/8,158,3,41
2015/10/8,109,3,41
2015/10/8,38,3,41
2015/10/8,203,3,41
2015/10/8,54,3,41
2015/10/8,38,3,41
2015/10/8,12,3,41
2015/10/8,20,3,41
2015/10/8,10,3,41
2015/10/8,42,3,41
2015/10/8,28,3,41
2015/10/8,35,3,41
2015/10/8,5,3,41
2015/10/8,1007,3,41
2015/10/8,14,3,41
2015/10/8,7,3,41
2015/10/8,86,3,41
2015/10/8,56,3,41
2015/10/8,52,3,41
2015/10/9,201,4,41
2015/10/9,206,4,41
2015/10/9,309,4,41
2015/10/9,57,4,41
2015/10/9,153,4,41
2015/10/9,59,4,41
2015/10/9,202,4,41
2015/10/9,66,4,41
2015/10/9,28,4,41
2015/10/9,67,4,41
2015/10/9,202,4,41
2015/10/9,16,4,41
2015/10/9,3,4,41
2015/10/9,105,4,41
2015/10/9,55,4,41
2015/10/9,22,4,41
2015/10/9,72,4,41
2015/10/9,24,4,41
2015/10/9,108,4,41
2015/10/9,82,4,41
2015/10/9,56,4,41
2015/10/9,34,4,41
2015/10/9,41,4,41
2015/10/9,39,4,41
2015/10/9,11,4,41
2015/10/9,19,4,41
2015/10/9,407,4,41
2015/10/9,24,4,41
2015/10/9,13,4,41
2015/10/9,22,4,41
2015/10/9,42,4,41
2015/10/9,47,4,41
2015/10/9,10,4,41
2015/10/9,31,4,41
2015/10/9,51,4,41
2015/10/9,23,4,41
2015/10/9,54,4,41
2015/10/9,304,4,41
2015/10/9,305,4,41
2015/10/9,20,4,41
2015/10/9,57,4,41
2015/10/9,59,4,41
2015/10/9,19,4,41
2015/10/9,19,4,41
2015/10/9,17,4,41
2015/10/12,21,0,42
2015/10/12,201,0,42
2015/10/12,386,0,42
2015/10/12,342,0,42
2015/10/12,13,0,42
2015/10/12,29,0,42
2015/10/12,221,0,42
2015/10/12,17,0,42
2015/10/12,208,0,42
2015/10/12,12,0,42
2015/10/12,34,0,42
2015/10/12,8,0,42
2015/10/12,28,0,42
2015/10/12,7,0,42
2015/10/12,136,0,42
2015/10/12,204,0,42
2015/10/12,54,0,42
2015/10/12,51,0,42
2015/10/12,8,0,42
2015/10/12,7,0,42
2015/10/12,4,0,42
2015/10/12,4,0,42
2015/10/12,13,0,42
2015/10/12,6,0,42
2015/10/12,258,0,42
2015/10/12,66,0,42
2015/10/12,12,0,42
2015/10/12,200,0,42
2015/10/13,102,1,42
2015/10/13,26,1,42
2015/10/13,303,1,42
2015/10/13,22,1,42
2015/10/13,38,1,42
2015/10/13,102,1,42
2015/10/13,12,1,42
2015/10/13,23,1,42
2015/10/13,79,1,42
2015/10/13,23,1,42
2015/10/13,53,1,42
2015/10/13,6,1,42
2015/10/13,93,1,42
2015/10/13,5,1,42
2015/10/13,87,1,42
2015/10/13,59,1,42
2015/10/13,404,1,42
2015/10/13,5,1,42
2015/10/13,17,1,42
2015/10/13,5,1,42
2015/10/13,201,1,42
2015/10/13,14,1,42
2015/10/13,4,1,42
2015/10/13,102,1,42
2015/10/13,204,1,42
2015/10/13,68,1,42
2015/10/13,43,1,42
2015/10/14,33,2,42
2015/10/14,19,2,42
2015/10/14,158,2,42
2015/10/14,5,2,42
2015/10/14,155,2,42
2015/10/14,43,2,42
2015/10/14,59,2,42
2015/10/14,85,2,42
2015/10/14,24,2,42
2015/10/14,54,2,42
2015/10/14,108,2,42
2015/10/14,735,2,42
2015/10/14,17,2,42
2015/10/14,54,2,42
2015/10/14,14,2,42
2015/10/14,22,2,42
2015/10/14,58,2,42
2015/10/14,7,2,42
2015/10/14,103,2,42
2015/10/14,23,2,42
2015/10/14,14,2,42
2015/10/14,2003,2,42
2015/10/14,33,2,42
2015/10/14,13,2,42
2015/10/14,19,2,42
2015/10/14,18,2,42
2015/10/15,85,3,42
2015/10/15,21,3,42
2015/10/15,53,3,42
2015/10/15,34,3,42
2015/10/15,59,3,42
2015/10/15,6,3,42
2015/10/15,345,3,42
2015/10/15,163,3,42
2015/10/15,102,3,42
2015/10/15,11,3,42
2015/10/15,401,3,42
2015/10/15,343,3,42
2015/10/15,27,3,42
2015/10/15,84,3,42
2015/10/15,19,3,42
2015/10/15,74,3,42
2015/10/15,306,3,42
2015/10/15,61,3,42
2015/10/15,13,3,42
2015/10/15,131,3,42
2015/10/16,65,4,42
2015/10/16,203,4,42
2015/10/16,1077,4,42
2015/10/16,92,4,42
2015/10/16,108,4,42
2015/10/16,551,4,42
2015/10/16,26,4,42
2015/10/16,5,4,42
2015/10/16,10,4,42
2015/10/16,506,4,42
2015/10/16,7,4,42
2015/10/16,409,4,42
2015/10/16,7,4,42
2015/10/16,105,4,42
2015/10/16,211,4,42
2015/10/16,9,4,42
2015/10/16,202,4,42
2015/10/16,23,4,42
2015/10/16,38,4,42
2015/10/16,104,4,42
2015/10/16,9,4,42
2015/10/16,19,4,42
2015/10/16,49,4,42
2015/10/16,3,4,42
2015/10/16,8,4,42
2015/10/16,10,4,42
2015/10/16,6,4,42
2015/10/16,4,4,42
2015/10/16,33,4,42
2015/10/16,15,4,42
2015/10/16,183,4,42
2015/10/16,11,4,42
2015/10/16,106,4,42
2015/10/19,17,0,43
2015/10/19,10,0,43
2015/10/19,79,0,43
2015/10/19,382,0,43
2015/10/19,64,0,43
2015/10/19,14,0,43
2015/10/19,15,0,43
2015/10/19,305,0,43
2015/10/19,558,0,43
2015/10/19,75,0,43
2015/10/19,29,0,43
2015/10/19,93,0,43
2015/10/19,113,0,43
2015/10/19,173,0,43
2015/10/19,107,0,43
2015/10/19,24,0,43
2015/10/19,33,0,43
2015/10/19,56,0,43
2015/10/20,45,1,43
2015/10/20,13,1,43
2015/10/20,201,1,43
2015/10/20,12,1,43
2015/10/20,406,1,43
2015/10/20,52,1,43
2015/10/20,46,1,43
2015/10/20,28,1,43
2015/10/20,15,1,43
2015/10/20,106,1,43
2015/10/20,51,1,43
2015/10/20,51,1,43
2015/10/20,55,1,43
2015/10/20,12,1,43
2015/10/20,1901,1,43
2015/10/20,28,1,43
2015/10/20,605,1,43
2015/10/20,212,1,43
2015/10/20,609,1,43
2015/10/20,45,1,43
2015/10/20,56,1,43
2015/10/20,109,1,43
2015/10/20,11,1,43
2015/10/20,21,1,43
2015/10/20,32,1,43
2015/10/20,8,1,43
2015/10/20,58,1,43
2015/10/20,15,1,43
2015/10/20,34,1,43
2015/10/20,42,1,43
2015/10/20,52,1,43
2015/10/20,2,1,43
2015/10/21,141,2,43
2015/10/21,72,2,43
2015/10/21,102,2,43
2015/10/21,103,2,43
2015/10/21,517,2,43
2015/10/21,42,2,43
2015/10/21,209,2,43
2015/10/21,68,2,43
2015/10/21,58,2,43
2015/10/21,29,2,43
2015/10/21,68,2,43
2015/10/21,63,2,43
2015/10/21,166,2,43
2015/10/21,107,2,43
2015/10/21,17,2,43
2015/10/21,9,2,43
2015/10/21,21,2,43
2015/10/21,31,2,43
2015/10/21,103,2,43
2015/10/21,12,2,43
2015/10/21,23,2,43
2015/10/21,138,2,43
2015/10/21,47,2,43
2015/10/21,36,2,43
2015/10/21,45,2,43
2015/10/21,27,2,43
2015/10/21,62,2,43
2015/10/21,108,2,43
2015/10/21,7,2,43
2015/10/21,6,2,43
2015/10/21,14,2,43
2015/10/21,18,2,43
2015/10/21,89,2,43
2015/10/22,72,3,43
2015/10/22,66,3,43
2015/10/22,244,3,43
2015/10/22,93,3,43
2015/10/22,6,3,43
2015/10/22,16,3,43
2015/10/22,102,3,43
2015/10/22,86,3,43
2015/10/22,175,3,43
2015/10/22,17,3,43
2015/10/22,24,3,43
2015/10/22,36,3,43
2015/10/22,12,3,43
2015/10/22,302,3,43
2015/10/22,105,3,43
2015/10/22,12,3,43
2015/10/22,33,3,43
2015/10/22,278,3,43
2015/10/22,58,3,43
2015/10/22,4,3,43
2015/10/22,49,3,43
2015/10/22,38,3,43
2015/10/22,61,3,43
2015/10/22,19,3,43
2015/10/22,33,3,43
2015/10/22,48,3,43
2015/10/22,103,3,43
2015/10/22,85,3,43
2015/10/22,2,3,43
2015/10/22,18,3,43
2015/10/22,97,3,43
2015/10/22,54,3,43
2015/10/23,56,4,43
2015/10/23,117,4,43
2015/10/23,7,4,43
2015/10/23,403,4,43
2015/10/23,604,4,43
2015/10/23,79,4,43
2015/10/23,16,4,43
2015/10/23,247,4,43
2015/10/23,9,4,43
2015/10/23,7,4,43
2015/10/23,18,4,43
2015/10/23,15,4,43
2015/10/23,86,4,43
2015/10/23,67,4,43
2015/10/23,2,4,43
2015/10/23,303,4,43
2015/10/23,28,4,43
2015/10/23,130,4,43
2015/10/23,27,4,43
2015/10/23,307,4,43
2015/10/23,45,4,43
2015/10/23,16,4,43
2015/10/23,25,4,43
2015/10/23,17,4,43
2015/10/23,33,4,43
2015/10/23,22,4,43
2015/10/23,57,4,43
2015/10/23,18,4,43
2015/10/26,43,0,44
2015/10/26,106,0,44
2015/10/26,52,0,44
2015/10/26,55,0,44
2015/10/26,55,0,44
2015/10/26,33,0,44
2015/10/26,107,0,44
2015/10/26,170,0,44
2015/10/26,46,0,44
2015/10/26,115,0,44
2015/10/26,139,0,44
2015/10/26,6,0,44
2015/10/26,24,0,44
2015/10/26,105,0,44
2015/10/26,12,0,44
2015/10/26,8,0,44
2015/10/26,5,0,44
2015/10/26,55,0,44
2015/10/26,57,0,44
2015/10/26,45,0,44
2015/10/27,31,1,44
2015/10/27,54,1,44
2015/10/27,49,1,44
2015/10/27,59,1,44
2015/10/27,4,1,44
2015/10/27,505,1,44
2015/10/27,258,1,44
2015/10/27,70,1,44
2015/10/27,101,1,44
2015/10/27,53,1,44
2015/10/27,18,1,44
2015/10/27,64,1,44
2015/10/27,88,1,44
2015/10/27,201,1,44
2015/10/27,38,1,44
2015/10/27,41,1,44
2015/10/27,31,1,44
2015/10/27,45,1,44
2015/10/27,57,1,44
2015/10/27,7,1,44
2015/10/27,17,1,44
2015/10/27,35,1,44
2015/10/27,26,1,44
2015/10/28,213,2,44
2015/10/28,56,2,44
2015/10/28,81,2,44
2015/10/28,19,2,44
2015/10/28,444,2,44
2015/10/28,103,2,44
2015/10/28,73,2,44
2015/10/28,71,2,44
2015/10/28,124,2,44
2015/10/28,62,2,44
2015/10/28,15,2,44
2015/10/28,28,2,44
2015/10/28,56,2,44
2015/10/28,26,2,44
2015/10/28,19,2,44
2015/10/28,301,2,44
2015/10/28,13,2,44
2015/10/28,450,2,44
2015/10/29,8,3,44
2015/10/29,29,3,44
2015/10/29,22,3,44
2015/10/29,12,3,44
2015/10/29,207,3,44
2015/10/29,8,3,44
2015/10/29,12,3,44
2015/10/29,101,3,44
2015/10/29,308,3,44
2015/10/29,22,3,44
2015/10/29,19,3,44
2015/10/29,105,3,44
2015/10/29,32,3,44
2015/10/29,105,3,44
2015/10/29,135,3,44
2015/10/29,697,3,44
2015/10/29,132,3,44
2015/10/29,15,3,44
2015/10/29,6,3,44
2015/10/29,45,3,44
2015/10/29,45,3,44
2015/10/29,61,3,44
2015/10/29,88,3,44
2015/10/29,84,3,44
2015/10/29,88,3,44
2015/10/29,343,3,44
2015/10/29,206,3,44
2015/10/29,84,3,44
2015/10/29,29,3,44
2015/10/29,62,3,44
2015/10/29,25,3,44
2015/10/29,81,3,44
2015/10/29,37,3,44
2015/10/29,3,3,44
2015/10/30,71,4,44
2015/10/30,32,4,44
2015/10/30,56,4,44
2015/10/30,292,4,44
2015/10/30,1102,4,44
2015/10/30,86,4,44
2015/10/30,1240,4,44
2015/10/30,24,4,44
2015/10/30,591,4,44
2015/10/30,20,4,44
2015/10/30,186,4,44
2015/10/30,23,4,44
2015/10/30,626,4,44
2015/10/30,27,4,44
2015/10/30,27,4,44
2015/10/30,51,4,44
2015/10/30,38,4,44
2015/10/30,9,4,44
2015/10/30,6,4,44
2015/10/30,10,4,44
2015/10/30,26,4,44
2015/10/30,101,4,44
2015/10/30,5,4,44
2015/10/30,156,4,44
2015/10/30,35,4,44
2015/10/30,14,4,44
2015/10/30,102,4,44
2015/10/30,104,4,44
2015/11/2,10,0,45
2015/11/3,123,1,45
2015/11/3,108,1,45
2015/11/3,4,1,45
2015/11/3,5,1,45
2015/11/3,6,1,45
2015/11/3,115,1,45
2015/11/3,202,1,45
2015/11/3,51,1,45
2015/11/3,29,1,45
2015/11/3,54,1,45
2015/11/3,97,1,45
2015/11/3,14,1,45
2015/11/3,56,1,45
2015/11/3,24,1,45
2015/11/3,12,1,45
2015/11/3,66,1,45
2015/11/3,206,1,45
2015/11/3,93,1,45
2015/11/3,64,1,45
2015/11/3,83,1,45
2015/11/3,66,1,45
2015/11/3,11,1,45
2015/11/3,82,1,45
2015/11/3,3,1,45
2015/11/3,26,1,45
2015/11/3,146,1,45
2015/11/3,52,1,45
2015/11/3,107,1,45
2015/11/3,4,1,45
2015/11/3,501,1,45
2015/11/4,35,2,45
2015/11/4,13,2,45
2015/11/4,10,2,45
2015/11/4,63,2,45
2015/11/4,81,2,45
2015/11/4,1433,2,45
2015/11/4,653,2,45
2015/11/4,203,2,45
2015/11/4,108,2,45
2015/11/4,103,2,45
2015/11/4,106,2,45
2015/11/4,43,2,45
2015/11/4,193,2,45
2015/11/4,39,2,45
2015/11/4,109,2,45
2015/11/4,46,2,45
2015/11/4,17,2,45
2015/11/4,3,2,45
2015/11/4,21,2,45
2015/11/4,6,2,45
2015/11/4,3,2,45
2015/11/4,5,2,45
2015/11/4,51,2,45
2015/11/4,201,2,45
2015/11/4,9,2,45
2015/11/4,29,2,45
2015/11/4,207,2,45
2015/11/4,36,2,45
2015/11/4,12,2,45
2015/11/4,21,2,45
2015/11/4,207,2,45
2015/11/4,107,2,45
2015/11/5,202,3,45
2015/11/5,39,3,45
2015/11/5,19,3,45
2015/11/5,5,3,45
2015/11/5,37,3,45
2015/11/5,606,3,45
2015/11/5,553,3,45
2015/11/5,13,3,45
2015/11/5,655,3,45
2015/11/5,67,3,45
2015/11/5,153,3,45
2015/11/5,104,3,45
2015/11/5,153,3,45
2015/11/5,117,3,45
2015/11/5,42,3,45
2015/11/5,46,3,45
2015/11/5,147,3,45
2015/11/5,2,3,45
2015/11/5,70,3,45
2015/11/5,79,3,45
2015/11/5,24,3,45
2015/11/5,21,3,45
2015/11/5,191,3,45
2015/11/5,19,3,45
2015/11/5,21,3,45
2015/11/5,240,3,45
2015/11/5,59,3,45
2015/11/5,13,3,45
2015/11/5,122,3,45
2015/11/5,8,3,45
2015/11/5,82,3,45
2015/11/5,5,3,45
2015/11/5,51,3,45
2015/11/5,21,3,45
2015/11/5,152,3,45
2015/11/6,99,4,45
2015/11/6,525,4,45
2015/11/6,206,4,45
2015/11/6,5,4,45
2015/11/6,108,4,45
2015/11/6,38,4,45
2015/11/6,21,4,45
2015/11/6,151,4,45
2015/11/6,21,4,45
2015/11/6,31,4,45
2015/11/6,33,4,45
2015/11/6,7,4,45
2015/11/6,7,4,45
2015/11/6,10,4,45
2015/11/6,123,4,45
2015/11/6,182,4,45
2015/11/9,199,0,46
2015/11/9,36,0,46
2015/11/9,35,0,46
2015/11/9,15,0,46
2015/11/9,962,0,46
2015/11/9,646,0,46
2015/11/9,13,0,46
2015/11/9,3,0,46
2015/11/9,29,0,46
2015/11/9,208,0,46
2015/11/9,69,0,46
2015/11/9,15,0,46
2015/11/10,147,1,46
2015/11/10,229,1,46
2015/11/10,156,1,46
2015/11/10,165,1,46
2015/11/10,406,1,46
2015/11/10,102,1,46
2015/11/10,82,1,46
2015/11/10,87,1,46
2015/11/10,56,1,46
2015/11/10,104,1,46
2015/11/10,108,1,46
2015/11/10,202,1,46
2015/11/10,25,1,46
2015/11/10,306,1,46
2015/11/10,101,1,46
2015/11/10,15,1,46
2015/11/10,16,1,46
2015/11/10,201,1,46
2015/11/11,143,2,46
2015/11/11,659,2,46
2015/11/11,327,2,46
2015/11/11,76,2,46
2015/11/11,396,2,46
2015/11/11,207,2,46
2015/11/11,56,2,46
2015/11/11,62,2,46
2015/11/11,107,2,46
2015/11/11,89,2,46
2015/11/11,60,2,46
2015/11/11,20,2,46
2015/11/11,67,2,46
2015/11/11,94,2,46
2015/11/11,167,2,46
2015/11/11,19,2,46
2015/11/11,8,2,46
2015/11/11,146,2,46
2015/11/11,55,2,46
2015/11/11,57,2,46
2015/11/11,36,2,46
2015/11/12,106,3,46
2015/11/12,104,3,46
2015/11/12,8,3,46
2015/11/12,125,3,46
2015/11/12,108,3,46
2015/11/12,21,3,46
2015/11/12,3,3,46
2015/11/12,256,3,46
2015/11/12,85,3,46
2015/11/12,107,3,46
2015/11/12,8,3,46
2015/11/12,316,3,46
2015/11/12,11,3,46
2015/11/12,79,3,46
2015/11/12,82,3,46
2015/11/12,7,3,46
2015/11/12,10,3,46
2015/11/12,102,3,46
2015/11/12,109,3,46
2015/11/12,51,3,46
2015/11/12,228,3,46
2015/11/12,4,3,46
2015/11/12,21,3,46
2015/11/12,203,3,46
2015/11/12,7,3,46
2015/11/12,55,3,46
2015/11/12,52,3,46
2015/11/12,9,3,46
2015/11/13,67,4,46
2015/11/13,505,4,46
2015/11/13,327,4,46
2015/11/13,11,4,46
2015/11/13,11,4,46
2015/11/13,12,4,46
2015/11/13,53,4,46
2015/11/13,1004,4,46
2015/11/13,159,4,46
2015/11/13,413,4,46
2015/11/13,42,4,46
2015/11/13,39,4,46
2015/11/13,7,4,46
2015/11/13,30,4,46
2015/11/13,101,4,46
2015/11/13,73,4,46
2015/11/13,79,4,46
2015/11/13,15,4,46
2015/11/13,59,4,46
2015/11/16,67,0,47
2015/11/16,37,0,47
2015/11/16,102,0,47
2015/11/16,41,0,47
2015/11/16,11,0,47
2015/11/16,6,0,47
2015/11/16,28,0,47
2015/11/16,13,0,47
2015/11/16,2002,0,47
2015/11/16,29,0,47
2015/11/16,61,0,47
2015/11/16,106,0,47
2015/11/16,207,0,47
2015/11/16,33,0,47
2015/11/16,302,0,47
2015/11/16,11,0,47
2015/11/16,7,0,47
2015/11/16,12,0,47
2015/11/16,706,0,47
2015/11/16,22,0,47
2015/11/17,431,1,47
2015/11/17,17,1,47
2015/11/17,2687,1,47
2015/11/17,51,1,47
2015/11/17,33,1,47
2015/11/17,127,1,47
2015/11/17,18,1,47
2015/11/17,67,1,47
2015/11/17,7,1,47
2015/11/17,130,1,47
2015/11/17,27,1,47
2015/11/17,103,1,47
2015/11/17,29,1,47
2015/11/17,23,1,47
2015/11/17,26,1,47
2015/11/17,7,1,47
2015/11/17,10,1,47
2015/11/17,57,1,47
2015/11/17,108,1,47
2015/11/17,37,1,47
2015/11/17,27,1,47
2015/11/17,272,1,47
2015/11/17,10,1,47
2015/11/17,447,1,47
2015/11/17,201,1,47
2015/11/17,44,1,47
2015/11/17,303,1,47
2015/11/17,23,1,47
2015/11/17,86,1,47
2015/11/18,57,2,47
2015/11/18,51,2,47
2015/11/18,128,2,47
2015/11/18,102,2,47
2015/11/18,10,2,47
2015/11/18,13,2,47
2015/11/18,302,2,47
2015/11/18,365,2,47
2015/11/18,209,2,47
2015/11/18,13,2,47
2015/11/18,206,2,47
2015/11/18,103,2,47
2015/11/18,55,2,47
2015/11/18,167,2,47
2015/11/18,35,2,47
2015/11/18,31,2,47
2015/11/18,303,2,47
2015/11/18,72,2,47
2015/11/18,26,2,47
2015/11/18,1503,2,47
2015/11/18,18,2,47
2015/11/18,10,2,47
2015/11/18,24,2,47
2015/11/18,10,2,47
2015/11/18,54,2,47
2015/11/18,61,2,47
2015/11/18,18,2,47
2015/11/19,58,3,47
2015/11/19,36,3,47
2015/11/19,2306,3,47
2015/11/19,266,3,47
2015/11/19,28,3,47
2015/11/19,24,3,47
2015/11/19,28,3,47
2015/11/19,402,3,47
2015/11/19,208,3,47
2015/11/19,156,3,47
2015/11/19,105,3,47
2015/11/19,138,3,47
2015/11/19,33,3,47
2015/11/19,43,3,47
2015/11/19,27,3,47
2015/11/19,51,3,47
2015/11/19,32,3,47
2015/11/19,54,3,47
2015/11/19,25,3,47
2015/11/19,403,3,47
2015/11/19,9,3,47
2015/11/19,53,3,47
2015/11/19,21,3,47
2015/11/19,61,3,47
2015/11/19,253,3,47
2015/11/19,6,3,47
2015/11/19,107,3,47
2015/11/19,9,3,47
2015/11/19,56,3,47
2015/11/19,4,3,47
2015/11/19,10,3,47
2015/11/19,33,3,47
2015/11/19,119,3,47
2015/11/19,2,3,47
2015/11/19,4,3,47
2015/11/19,4,3,47
2015/11/19,407,3,47
2015/11/19,509,3,47
2015/11/19,158,3,47
2015/11/20,7,4,47
2015/11/20,94,4,47
2015/11/20,207,4,47
2015/11/20,566,4,47
2015/11/20,921,4,47
2015/11/20,6,4,47
2015/11/20,69,4,47
2015/11/20,23,4,47
2015/11/20,4,4,47
2015/11/20,18,4,47
2015/11/20,156,4,47
2015/11/20,11,4,47
2015/11/20,159,4,47
2015/11/20,108,4,47
2015/11/20,5,4,47
2015/11/20,129,4,47
2015/11/20,16,4,47
2015/11/20,56,4,47
2015/11/20,79,4,47
2015/11/20,12,4,47
2015/11/20,66,4,47
2015/11/20,400,4,47
2015/11/20,104,4,47
2015/11/20,8,4,47
2015/11/20,9,4,47
2015/11/20,8,4,47
2015/11/20,8,4,47
2015/11/20,10,4,47
2015/11/20,2,4,47
2015/11/20,9,4,47
2015/11/20,9,4,47
2015/11/20,41,4,47
2015/11/20,10,4,47
2015/11/20,4,4,47
2015/11/20,9,4,47
2015/11/20,7,4,47
2015/11/20,34,4,47
2015/11/20,9,4,47
2015/11/20,57,4,47
2015/11/20,53,4,47
2015/11/20,8,4,47
2015/11/20,3,4,47
2015/11/20,8,4,47
2015/11/20,6,4,47
2015/11/20,7,4,47
2015/11/20,7,4,47
2015/11/20,6,4,47
2015/11/20,10,4,47
2015/11/20,4,4,47
2015/11/20,9,4,47
2015/11/20,202,4,47
2015/11/20,9,4,47
2015/11/20,11,4,47
2015/11/20,3,4,47
2015/11/20,202,4,47
2015/11/20,205,4,47
2015/11/20,29,4,47
2015/11/20,9,4,47
2015/11/20,23,4,47
2015/11/20,7,4,47
2015/11/20,505,4,47
2015/11/20,68,4,47
2015/11/20,38,4,47
2015/11/20,43,4,47
2015/11/20,23,4,47
2015/11/20,108,4,47
2015/11/20,13,4,47
2015/11/20,281,4,47
2015/11/20,25,4,47
2015/11/20,32,4,47
2015/11/20,27,4,47
2015/11/20,47,4,47
2015/11/20,506,4,47
2015/11/20,22,4,47
2015/11/20,51,4,47
2015/11/20,103,4,47
2015/11/20,34,4,47
2015/11/23,102,0,48
2015/11/23,15,0,48
2015/11/23,303,0,48
2015/11/23,54,0,48
2015/11/23,41,0,48
2015/11/23,22,0,48
2015/11/23,39,0,48
2015/11/23,9,0,48
2015/11/24,34,1,48
2015/11/24,108,1,48
2015/11/24,807,1,48
2015/11/24,59,1,48
2015/11/24,37,1,48
2015/11/24,25,1,48
2015/11/24,205,1,48
2015/11/24,11,1,48
2015/11/24,17,1,48
2015/11/24,6,1,48
2015/11/24,7,1,48
2015/11/24,52,1,48
2015/11/24,258,1,48
2015/11/24,7,1,48
2015/11/24,154,1,48
2015/11/24,7,1,48
2015/11/24,22,1,48
2015/11/24,79,1,48
2015/11/24,106,1,48
2015/11/24,10,1,48
2015/11/25,452,2,48
2015/11/25,6,2,48
2015/11/25,138,2,48
2015/11/25,143,2,48
2015/11/25,19,2,48
2015/11/25,15,2,48
2015/11/25,34,2,48
2015/11/25,103,2,48
2015/11/25,57,2,48
2015/11/25,81,2,48
2015/11/25,12,2,48
2015/11/25,273,2,48
2015/11/25,47,2,48
2015/11/25,47,2,48
2015/11/25,61,2,48
2015/11/25,306,2,48
2015/11/25,27,2,48
2015/11/25,23,2,48
2015/11/25,575,2,48
2015/11/25,13,2,48
2015/11/25,8,2,48
2015/11/25,5,2,48
2015/11/25,5,2,48
2015/11/25,20,2,48
2015/11/25,9,2,48
2015/11/25,6,2,48
2015/11/25,38,2,48
2015/11/25,157,2,48
2015/11/25,41,2,48
2015/11/25,51,2,48
2015/11/25,9,2,48
2015/11/25,23,2,48
2015/11/25,57,2,48
2015/11/26,43,3,48
2015/11/26,17,3,48
2015/11/26,13,3,48
2015/11/26,116,3,48
2015/11/26,14,3,48
2015/11/26,10,3,48
2015/11/26,26,3,48
2015/11/26,75,3,48
2015/11/26,108,3,48
2015/11/26,22,3,48
2015/11/26,59,3,48
2015/11/26,3,3,48
2015/11/26,109,3,48
2015/11/26,29,3,48
2015/11/26,53,3,48
2015/11/26,57,3,48
2015/11/26,5,3,48
2015/11/26,102,3,48
2015/11/26,9,3,48
2015/11/26,8,3,48
2015/11/26,22,3,48
2015/11/26,13,3,48
2015/11/26,101,3,48
2015/11/26,53,3,48
2015/11/26,208,3,48
2015/11/26,29,3,48
2015/11/26,105,3,48
2015/11/26,37,3,48
2015/11/26,11,3,48
2015/11/26,302,3,48
2015/11/26,18,3,48
2015/11/26,502,3,48
2015/11/26,24,3,48
2015/11/26,33,3,48
2015/11/26,11,3,48
2015/11/26,14,3,48
2015/11/26,52,3,48
2015/11/26,102,3,48
2015/11/26,15,3,48
2015/11/26,203,3,48
2015/11/26,107,3,48
2015/11/26,27,3,48
2015/11/26,154,3,48
2015/11/26,133,3,48
2015/11/27,203,4,48
2015/11/27,10,4,48
2015/11/27,126,4,48
2015/11/27,28,4,48
2015/11/27,602,4,48
2015/11/27,401,4,48
2015/11/27,18,4,48
2015/11/27,15,4,48
2015/11/27,209,4,48
2015/11/27,15,4,48
2015/11/27,107,4,48
2015/11/27,206,4,48
2015/11/27,43,4,48
2015/11/27,78,4,48
2015/11/27,103,4,48
2015/11/27,25,4,48
2015/11/27,198,4,48
2015/11/27,44,4,48
2015/11/27,107,4,48
2015/11/27,182,4,48
2015/11/27,58,4,48
2015/11/27,28,4,48
2015/11/27,30,4,48
2015/11/27,42,4,48
2015/11/27,52,4,48
2015/11/27,165,4,48
2015/11/27,108,4,48
2015/11/27,3,4,48
2015/11/27,6,4,48
2015/11/27,279,4,48
2015/11/27,404,4,48
2015/11/27,5,4,48
2015/11/27,8,4,48
2015/11/27,25,4,48
2015/11/27,7,4,48
2015/11/27,118,4,48
2015/11/27,21,4,48
2015/11/27,50,4,48
2015/11/27,259,4,48
2015/11/27,14,4,48
2015/11/27,12,4,48
2015/11/27,39,4,48
2015/11/27,86,4,48
2015/11/27,6,4,48
2015/11/27,41,4,48
2015/11/30,10,0,49
2015/11/30,17,0,49
2015/11/30,2,0,49
2015/11/30,83,0,49
2015/11/30,144,0,49
2015/11/30,11,0,49
2015/11/30,10,0,49
2015/11/30,22,0,49
2015/11/30,7,0,49
2015/11/30,15,0,49
2015/11/30,41,0,49
2015/11/30,5,0,49
2015/12/1,155,1,49
2015/12/1,18,1,49
2015/12/1,54,1,49
2015/12/1,9,1,49
2015/12/1,11,1,49
2015/12/1,202,1,49
2015/12/1,51,1,49
2015/12/1,306,1,49
2015/12/1,55,1,49
2015/12/1,34,1,49
2015/12/1,30,1,49
2015/12/2,5,2,49
2015/12/2,204,2,49
2015/12/2,36,2,49
2015/12/2,208,2,49
2015/12/2,117,2,49
2015/12/2,10,2,49
2015/12/2,752,2,49
2015/12/2,186,2,49
2015/12/2,182,2,49
2015/12/2,21,2,49
2015/12/2,7,2,49
2015/12/2,16,2,49
2015/12/2,58,2,49
2015/12/2,19,2,49
2015/12/2,86,2,49
2015/12/2,15,2,49
2015/12/2,74,2,49
2015/12/2,17,2,49
2015/12/2,205,2,49
2015/12/2,205,2,49
2015/12/2,14,2,49
2015/12/2,10,2,49
2015/12/2,1006,2,49
2015/12/2,204,2,49
2015/12/2,7,2,49
2015/12/3,19,3,49
2015/12/3,49,3,49
2015/12/3,1206,3,49
2015/12/3,66,3,49
2015/12/3,59,3,49
2015/12/3,102,3,49
2015/12/3,301,3,49
2015/12/3,57,3,49
2015/12/3,106,3,49
2015/12/3,9,3,49
2015/12/3,10,3,49
2015/12/3,108,3,49
2015/12/3,234,3,49
2015/12/3,135,3,49
2015/12/3,155,3,49
2015/12/3,75,3,49
2015/12/3,27,3,49
2015/12/3,53,3,49
2015/12/3,25,3,49
2015/12/3,139,3,49
2015/12/3,25,3,49
2015/12/3,102,3,49
2015/12/3,42,3,49
2015/12/3,107,3,49
2015/12/3,33,3,49
2015/12/3,13,3,49
2015/12/4,16,4,49
2015/12/4,13,4,49
2015/12/4,508,4,49
2015/12/4,24,4,49
2015/12/4,34,4,49
2015/12/4,34,4,49
2015/12/4,14,4,49
2015/12/4,10,4,49
2015/12/4,704,4,49
2015/12/4,60,4,49
2015/12/4,5,4,49
2015/12/4,32,4,49
2015/12/4,11,4,49
2015/12/4,6,4,49
2015/12/4,4,4,49
2015/12/4,6,4,49
2015/12/4,18,4,49
2015/12/4,64,4,49
2015/12/4,101,4,49
2015/12/4,86,4,49
2015/12/4,47,4,49
2015/12/4,32,4,49
2015/12/4,33,4,49
2015/12/4,19,4,49
2015/12/7,10,0,50
2015/12/7,206,0,50
2015/12/7,54,0,50
2015/12/7,18,0,50
2015/12/7,102,0,50
2015/12/7,22,0,50
2015/12/7,56,0,50
2015/12/7,36,0,50
2015/12/7,8,0,50
2015/12/7,296,0,50
2015/12/7,47,0,50
2015/12/7,9,0,50
2015/12/7,1006,0,50
2015/12/7,4,0,50
2015/12/7,31,0,50
2015/12/7,11,0,50
2015/12/7,52,0,50
2015/12/7,71,0,50
2015/12/7,126,0,50
2015/12/7,38,0,50
2015/12/7,316,0,50
2015/12/7,11,0,50
2015/12/7,14,0,50
2015/12/7,85,0,50
2015/12/7,28,0,50
2015/12/7,63,0,50
2015/12/7,2706,0,50
2015/12/7,121,0,50
2015/12/7,657,0,50
2015/12/7,25,0,50
2015/12/7,110,0,50
2015/12/7,59,0,50
2015/12/7,31,0,50
2015/12/7,19,0,50
2015/12/7,15,0,50
2015/12/7,11,0,50
2015/12/7,199,0,50
2015/12/7,3,0,50
2015/12/7,101,0,50
2015/12/7,201,0,50
2015/12/7,54,0,50
2015/12/8,9,1,50
2015/12/8,303,1,50
2015/12/8,52,1,50
2015/12/8,27,1,50
2015/12/8,11,1,50
2015/12/8,25,1,50
2015/12/8,750,1,50
2015/12/8,35,1,50
2015/12/8,157,1,50
2015/12/8,14,1,50
2015/12/8,51,1,50
2015/12/8,34,1,50
2015/12/8,35,1,50
2015/12/8,9,1,50
2015/12/8,5,1,50
2015/12/8,23,1,50
2015/12/8,31,1,50
2015/12/8,207,1,50
2015/12/8,209,1,50
2015/12/8,7,1,50
2015/12/8,102,1,50
2015/12/8,407,1,50
2015/12/8,25,1,50
2015/12/8,101,1,50
2015/12/8,46,1,50
2015/12/8,272,1,50
2015/12/8,28,1,50
2015/12/8,162,1,50
2015/12/8,33,1,50
2015/12/8,106,1,50
2015/12/8,45,1,50
2015/12/8,208,1,50
2015/12/8,107,1,50
2015/12/8,36,1,50
2015/12/8,56,1,50
2015/12/8,129,1,50
2015/12/8,107,1,50
2015/12/8,12,1,50
2015/12/8,209,1,50
2015/12/8,19,1,50
2015/12/8,12,1,50
2015/12/8,8,1,50
2015/12/8,34,1,50
2015/12/8,33,1,50
2015/12/9,165,2,50
2015/12/9,34,2,50
2015/12/9,28,2,50
2015/12/9,53,2,50
2015/12/9,259,2,50
2015/12/9,9,2,50
2015/12/9,101,2,50
2015/12/9,15,2,50
2015/12/9,22,2,50
2015/12/9,63,2,50
2015/12/9,18,2,50
2015/12/9,104,2,50
2015/12/9,1004,2,50
2015/12/9,660,2,50
2015/12/9,79,2,50
2015/12/9,12,2,50
2015/12/9,58,2,50
2015/12/9,6,2,50
2015/12/9,3,2,50
2015/12/9,32,2,50
2015/12/9,786,2,50
2015/12/9,104,2,50
2015/12/9,153,2,50
2015/12/9,51,2,50
2015/12/9,17,2,50
2015/12/9,17,2,50
2015/12/9,52,2,50
2015/12/9,52,2,50
2015/12/9,14,2,50
2015/12/9,24,2,50
2015/12/9,33,2,50
2015/12/9,7,2,50
2015/12/9,24,2,50
2015/12/9,65,2,50
2015/12/9,19,2,50
2015/12/9,107,2,50
2015/12/9,106,2,50
2015/12/9,58,2,50
2015/12/9,203,2,50
2015/12/9,100,2,50
2015/12/9,11,2,50
2015/12/9,37,2,50
2015/12/9,37,2,50
2015/12/9,301,2,50
2015/12/9,146,2,50
2015/12/9,42,2,50
2015/12/9,109,2,50
2015/12/9,81,2,50
2015/12/9,34,2,50
2015/12/9,205,2,50
2015/12/9,8,2,50
2015/12/9,305,2,50
2015/12/10,506,3,50
2015/12/10,303,3,50
2015/12/10,48,3,50
2015/12/10,109,3,50
2015/12/10,201,3,50
2015/12/10,35,3,50
2015/12/10,28,3,50
2015/12/10,41,3,50
2015/12/10,6,3,50
2015/12/10,53,3,50
2015/12/10,57,3,50
2015/12/10,82,3,50
2015/12/10,291,3,50
2015/12/10,123,3,50
2015/12/10,115,3,50
2015/12/10,202,3,50
2015/12/10,55,3,50
2015/12/10,16,3,50
2015/12/10,101,3,50
2015/12/10,106,3,50
2015/12/10,73,3,50
2015/12/10,309,3,50
2015/12/10,52,3,50
2015/12/10,33,3,50
2015/12/10,26,3,50
2015/12/10,48,3,50
2015/12/10,29,3,50
2015/12/10,203,3,50
2015/12/10,18,3,50
2015/12/10,55,3,50
2015/12/10,107,3,50
2015/12/10,205,3,50
2015/12/10,35,3,50
2015/12/10,34,3,50
2015/12/10,309,3,50
2015/12/10,301,3,50
2015/12/10,44,3,50
2015/12/10,351,3,50
2015/12/10,12,3,50
2015/12/10,5,3,50
2015/12/10,152,3,50
2015/12/10,38,3,50
2015/12/10,205,3,50
2015/12/10,21,3,50
2015/12/10,46,3,50
2015/12/10,207,3,50
2015/12/10,34,3,50
2015/12/10,24,3,50
2015/12/10,35,3,50
2015/12/10,14,3,50
2015/12/10,296,3,50
2015/12/10,101,3,50
2015/12/10,201,3,50
2015/12/10,318,3,50
2015/12/10,58,3,50
2015/12/10,64,3,50
2015/12/10,409,3,50
2015/12/10,58,3,50
2015/12/10,28,3,50
2015/12/10,17,3,50
2015/12/10,124,3,50
2015/12/10,45,3,50
2015/12/11,206,4,50
2015/12/11,31,4,50
2015/12/11,16,4,50
2015/12/11,101,4,50
2015/12/11,202,4,50
2015/12/11,151,4,50
2015/12/11,287,4,50
2015/12/11,5,4,50
2015/12/11,85,4,50
2015/12/11,72,4,50
2015/12/11,8,4,50
2015/12/11,47,4,50
2015/12/11,145,4,50
2015/12/11,246,4,50
2015/12/11,13,4,50
2015/12/11,89,4,50
2015/12/11,78,4,50
2015/12/11,30,4,50
2015/12/11,157,4,50
2015/12/11,41,4,50
2015/12/11,121,4,50
2015/12/11,15,4,50
2015/12/11,116,4,50
2015/12/11,6,4,50
2015/12/11,57,4,50
2015/12/11,184,4,50
2015/12/11,27,4,50
2015/12/11,7,4,50
2015/12/11,49,4,50
2015/12/11,654,4,50
2015/12/11,59,4,50
2015/12/11,53,4,50
2015/12/11,24,4,50
2015/12/11,21,4,50
2015/12/11,48,4,50
2015/12/11,23,4,50
2015/12/11,259,4,50
2015/12/11,107,4,50
2015/12/11,39,4,50
2015/12/11,27,4,50
2015/12/11,38,4,50
2015/12/11,21,4,50
2015/12/11,508,4,50
2015/12/11,55,4,50
2015/12/11,559,4,50
2015/12/11,281,4,50
2015/12/11,2,4,50
2015/12/11,52,4,50
2015/12/11,79,4,50
2015/12/11,4,4,50
2015/12/11,702,4,50
2015/12/11,207,4,50
2015/12/14,680,0,51
2015/12/14,7,0,51
2015/12/14,59,0,51
2015/12/14,23,0,51
2015/12/14,56,0,51
2015/12/14,41,0,51
2015/12/14,14,0,51
2015/12/14,14,0,51
2015/12/14,207,0,51
2015/12/14,25,0,51
2015/12/14,21,0,51
2015/12/14,52,0,51
2015/12/14,107,0,51
2015/12/14,302,0,51
2015/12/14,54,0,51
2015/12/14,364,0,51
2015/12/14,11,0,51
2015/12/14,99,0,51
2015/12/14,10,0,51
2015/12/14,207,0,51
2015/12/14,201,0,51
2015/12/14,58,0,51
2015/12/14,16,0,51
2015/12/14,20,0,51
2015/12/14,114,0,51
2015/12/14,156,0,51
2015/12/14,11,0,51
2015/12/15,47,1,51
2015/12/15,108,1,51
2015/12/15,8,1,51
2015/12/15,81,1,51
2015/12/15,118,1,51
2015/12/15,59,1,51
2015/12/15,36,1,51
2015/12/15,51,1,51
2015/12/15,106,1,51
2015/12/15,74,1,51
2015/12/15,12,1,51
2015/12/15,29,1,51
2015/12/15,77,1,51
2015/12/15,11,1,51
2015/12/15,485,1,51
2015/12/15,152,1,51
2015/12/15,807,1,51
2015/12/15,302,1,51
2015/12/15,25,1,51
2015/12/15,58,1,51
2015/12/15,64,1,51
2015/12/15,1008,1,51
2015/12/15,13,1,51
2015/12/15,81,1,51
2015/12/15,11,1,51
2015/12/15,12,1,51
2015/12/15,409,1,51
2015/12/15,459,1,51
2015/12/15,23,1,51
2015/12/15,28,1,51
2015/12/15,13,1,51
2015/12/15,46,1,51
2015/12/15,138,1,51
2015/12/15,42,1,51
2015/12/15,48,1,51
2015/12/15,102,1,51
2015/12/15,44,1,51
2015/12/15,106,1,51
2015/12/15,4,1,51
2015/12/15,4,1,51
2015/12/15,37,1,51
2015/12/15,21,1,51
2015/12/15,36,1,51
2015/12/15,15,1,51
2015/12/15,54,1,51
2015/12/15,2007,1,51
2015/12/15,806,1,51
2015/12/15,207,1,51
2015/12/16,53,2,51
2015/12/16,314,2,51
2015/12/16,508,2,51
2015/12/16,29,2,51
2015/12/16,67,2,51
2015/12/16,204,2,51
2015/12/16,44,2,51
2015/12/16,33,2,51
2015/12/16,27,2,51
2015/12/16,32,2,51
2015/12/16,248,2,51
2015/12/16,104,2,51
2015/12/16,93,2,51
2015/12/16,7,2,51
2015/12/16,103,2,51
2015/12/16,32,2,51
2015/12/16,11,2,51
2015/12/16,8,2,51
2015/12/16,4,2,51
2015/12/16,20,2,51
2015/12/16,307,2,51
2015/12/17,302,3,51
2015/12/17,43,3,51
2015/12/17,11,3,51
2015/12/17,13,3,51
2015/12/17,25,3,51
2015/12/17,9,3,51
2015/12/17,19,3,51
2015/12/17,106,3,51
2015/12/17,70,3,51
2015/12/17,24,3,51
2015/12/17,16,3,51
2015/12/17,109,3,51
2015/12/17,105,3,51
2015/12/17,163,3,51
2015/12/17,23,3,51
2015/12/17,21,3,51
2015/12/17,12,3,51
2015/12/17,42,3,51
2015/12/17,205,3,51
2015/12/17,69,3,51
2015/12/17,18,3,51
2015/12/17,105,3,51
2015/12/17,53,3,51
2015/12/17,55,3,51
2015/12/17,83,3,51
2015/12/17,155,3,51
2015/12/17,48,3,51
2015/12/17,104,3,51
2015/12/17,65,3,51
2015/12/17,51,3,51
2015/12/17,303,3,51
2015/12/17,28,3,51
2015/12/17,303,3,51
2015/12/17,23,3,51
2015/12/17,6,3,51
2015/12/17,107,3,51
2015/12/17,109,3,51
2015/12/17,244,3,51
2015/12/17,206,3,51
2015/12/17,17,3,51
2015/12/17,84,3,51
2015/12/17,30,3,51
2015/12/17,21,3,51
2015/12/17,21,3,51
2015/12/17,58,3,51
2015/12/17,16,3,51
2015/12/17,303,3,51
2015/12/18,1501,4,51
2015/12/18,15,4,51
2015/12/18,99,4,51
2015/12/18,22,4,51
2015/12/18,302,4,51
2015/12/18,107,4,51
2015/12/18,32,4,51
2015/12/18,15,4,51
2015/12/18,106,4,51
2015/12/18,34,4,51
2015/12/18,109,4,51
2015/12/18,109,4,51
2015/12/18,121,4,51
2015/12/18,14,4,51
2015/12/18,109,4,51
2015/12/18,17,4,51
2015/12/18,19,4,51
2015/12/18,124,4,51
2015/12/18,28,4,51
2015/12/18,15,4,51
2015/12/18,8,4,51
2015/12/18,108,4,51
2015/12/18,13,4,51
2015/12/18,32,4,51
2015/12/18,17,4,51
2015/12/18,419,4,51
2015/12/18,107,4,51
2015/12/18,45,4,51
2015/12/18,20,4,51
2015/12/18,303,4,51
2015/12/18,65,4,51
2015/12/18,49,4,51
2015/12/18,108,4,51
2015/12/18,14,4,51
2015/12/18,37,4,51
2015/12/18,45,4,51
2015/12/18,127,4,51
2015/12/18,63,4,51
2015/12/18,104,4,51
2015/12/18,58,4,51
2015/12/18,18,4,51
2015/12/18,33,4,51
2015/12/18,35,4,51
2015/12/18,139,4,51
2015/12/18,81,4,51
2015/12/18,605,4,51
2015/12/18,125,4,51
2015/12/18,209,4,51
2015/12/21,53,0,52
2015/12/21,10,0,52
2015/12/21,299,0,52
2015/12/21,65,0,52
2015/12/21,19,0,52
2015/12/21,1005,0,52
2015/12/21,134,0,52
2015/12/21,106,0,52
2015/12/21,5,0,52
2015/12/21,122,0,52
2015/12/21,19,0,52
2015/12/21,82,0,52
2015/12/21,109,0,52
2015/12/21,18,0,52
2015/12/21,201,0,52
2015/12/21,108,0,52
2015/12/21,180,0,52
2015/12/21,403,0,52
2015/12/21,99,0,52
2015/12/21,33,0,52
2015/12/22,48,1,52
2015/12/22,13,1,52
2015/12/22,75,1,52
2015/12/22,6,1,52
2015/12/22,300,1,52
2015/12/22,17,1,52
2015/12/22,13,1,52
2015/12/22,6,1,52
2015/12/22,407,1,52
2015/12/22,15,1,52
2015/12/22,19,1,52
2015/12/22,209,1,52
2015/12/22,10,1,52
2015/12/22,201,1,52
2015/12/22,126,1,52
2015/12/22,305,1,52
2015/12/22,49,1,52
2015/12/22,13,1,52
2015/12/22,109,1,52
2015/12/22,7,1,52
2015/12/22,12,1,52
2015/12/22,19,1,52
2015/12/22,52,1,52
2015/12/22,19,1,52
2015/12/22,4,1,52
2015/12/22,204,1,52
2015/12/22,36,1,52
2015/12/22,33,1,52
2015/12/22,307,1,52
2015/12/22,208,1,52
2015/12/22,11,1,52
2015/12/22,157,1,52
2015/12/22,128,1,52
2015/12/22,11,1,52
2015/12/22,8,1,52
2015/12/22,5,1,52
2015/12/22,5,1,52
2015/12/22,17,1,52
2015/12/22,10,1,52
2015/12/22,4,1,52
2015/12/22,198,1,52
2015/12/22,19,1,52
2015/12/22,9,1,52
2015/12/22,13,1,52
2015/12/22,7,1,52
2015/12/22,9,1,52
2015/12/22,3,1,52
2015/12/22,52,1,52
2015/12/22,11,1,52
2015/12/22,5,1,52
2015/12/22,41,1,52
2015/12/22,28,1,52
2015/12/22,10,1,52
2015/12/22,905,1,52
2015/12/22,15,1,52
2015/12/23,95,2,52
2015/12/23,68,2,52
2015/12/23,24,2,52
2015/12/23,22,2,52
2015/12/23,13,2,52
2015/12/23,37,2,52
2015/12/23,33,2,52
2015/12/23,63,2,52
2015/12/23,401,2,52
2015/12/23,85,2,52
2015/12/23,13,2,52
2015/12/23,205,2,52
2015/12/23,5,2,52
2015/12/23,3,2,52
2015/12/23,103,2,52
2015/12/23,54,2,52
2015/12/23,107,2,52
2015/12/23,57,2,52
2015/12/23,13,2,52
2015/12/23,19,2,52
2015/12/23,38,2,52
2015/12/23,6,2,52
2015/12/23,48,2,52
2015/12/23,21,2,52
2015/12/23,53,2,52
2015/12/23,31,2,52
2015/12/23,15,2,52
2015/12/23,307,2,52
2015/12/23,16,2,52
2015/12/23,23,2,52
2015/12/23,42,2,52
2015/12/23,38,2,52
2015/12/23,80,2,52
2015/12/23,42,2,52
2015/12/23,36,2,52
2015/12/24,404,3,52
2015/12/24,22,3,52
2015/12/24,29,3,52
2015/12/24,50,3,52
2015/12/24,112,3,52
2015/12/24,108,3,52
2015/12/24,36,3,52
2015/12/24,9,3,52
2015/12/24,49,3,52
2015/12/24,128,3,52
2015/12/24,335,3,52
2015/12/24,339,3,52
2015/12/24,4,3,52
2015/12/24,11,3,52
2015/12/24,27,3,52
2015/12/24,16,3,52
2015/12/24,27,3,52
2015/12/24,22,3,52
2015/12/24,13,3,52
2015/12/24,27,3,52
2015/12/24,37,3,52
2015/12/24,12,3,52
2015/12/24,31,3,52
2015/12/24,8,3,52
2015/12/24,107,3,52
2015/12/24,103,3,52
2015/12/24,128,3,52
2015/12/24,17,3,52
2015/12/24,606,3,52
2015/12/24,23,3,52
2015/12/24,12,3,52
2015/12/24,948,3,52
2015/12/24,15,3,52
2015/12/24,153,3,52
2015/12/24,53,3,52
2015/12/24,49,3,52
2015/12/24,194,3,52
2015/12/24,32,3,52
2015/12/24,7,3,52
2015/12/24,23,3,52
2015/12/24,16,3,52
2015/12/24,22,3,52
2015/12/24,66,3,52
2015/12/25,138,4,52
2015/12/25,153,4,52
2015/12/25,57,4,52
2015/12/25,57,4,52
2015/12/25,103,4,52
2015/12/25,307,4,52
2015/12/25,28,4,52
2015/12/25,308,4,52
2015/12/25,49,4,52
2015/12/25,21,4,52
2015/12/25,8,4,52
2015/12/25,84,4,52
2015/12/25,1002,4,52
2015/12/25,207,4,52
2015/12/25,23,4,52
2015/12/25,302,4,52
2015/12/25,597,4,52
2015/12/25,21,4,52
2015/12/25,21,4,52
2015/12/25,459,4,52
2015/12/25,209,4,52
2015/12/25,1244,4,52
2015/12/25,216,4,52
2015/12/25,106,4,52
2015/12/25,154,4,52
2015/12/25,101,4,52
2015/12/25,56,4,52
2015/12/25,148,4,52
2015/12/25,26,4,52
2015/12/25,36,4,52
2015/12/25,5,4,52
2015/12/25,119,4,52
2015/12/25,42,4,52
2015/12/25,18,4,52
2015/12/25,6,4,52
2015/12/25,57,4,52
2015/12/25,201,4,52
2015/12/25,869,4,52
2015/12/25,58,4,52
2015/12/25,62,4,52
2015/12/28,107,0,53
2015/12/28,24,0,53
2015/12/28,47,0,53
2015/12/28,25,0,53
2015/12/28,145,0,53
2015/12/28,56,0,53
2015/12/28,66,0,53
2015/12/28,4,0,53
2015/12/28,102,0,53
2015/12/28,805,0,53
2015/12/28,59,0,53
2015/12/28,59,0,53
2015/12/28,19,0,53
2015/12/28,30,0,53
2015/12/28,59,0,53
2015/12/28,359,0,53
2015/12/28,104,0,53
2015/12/28,56,0,53
2015/12/28,58,0,53
2015/12/28,29,0,53
2015/12/28,127,0,53
2015/12/28,202,0,53
2015/12/28,58,0,53
2015/12/28,29,0,53
2015/12/28,103,0,53
2015/12/28,20,0,53
2015/12/28,59,0,53
2015/12/28,153,0,53
2015/12/28,13,0,53
2015/12/28,87,0,53
2015/12/28,58,0,53
2015/12/28,24,0,53
2015/12/28,20,0,53
2015/12/28,54,0,53
2015/12/28,39,0,53
2015/12/28,47,0,53
2015/12/28,258,0,53
2015/12/28,38,0,53
2015/12/28,15,0,53
2015/12/28,4,0,53
2015/12/28,14,0,53
2015/12/28,3,0,53
2015/12/28,54,0,53
2015/12/28,37,0,53
2015/12/28,203,0,53
2015/12/28,51,0,53
2015/12/28,844,0,53
2015/12/28,41,0,53
2015/12/28,58,0,53
2015/12/28,58,0,53
2015/12/28,8,0,53
2015/12/28,19,0,53
2015/12/28,3,0,53
2015/12/28,26,0,53
2015/12/28,104,0,53
2015/12/28,25,0,53
2015/12/28,170,0,53
2015/12/28,4,0,53
2015/12/28,54,0,53
2015/12/28,10,0,53
2015/12/28,14,0,53
2015/12/28,7,0,53
2015/12/28,14,0,53
2015/12/28,32,0,53
2015/12/28,561,0,53
2015/12/28,1501,0,53
2015/12/28,308,0,53
2015/12/28,12,0,53
2015/12/28,151,0,53
2015/12/28,11,0,53
2015/12/28,16,0,53
2015/12/28,15,0,53
2015/12/28,62,0,53
2015/12/28,204,0,53
2015/12/28,114,0,53
2015/12/28,12,0,53
2015/12/28,83,0,53
2015/12/29,7,1,53
2015/12/29,305,1,53
2015/12/29,6,1,53
2015/12/29,39,1,53
2015/12/29,29,1,53
2015/12/29,58,1,53
2015/12/29,203,1,53
2015/12/29,259,1,53
2015/12/29,55,1,53
2015/12/29,5,1,53
2015/12/29,13,1,53
2015/12/29,78,1,53
2015/12/29,12,1,53
2015/12/29,10,1,53
2015/12/29,140,1,53
2015/12/29,1903,1,53
2015/12/30,78,2,53
2015/12/30,6,2,53
2015/12/30,209,2,53
2015/12/30,202,2,53
2015/12/30,4,2,53
2015/12/31,21,3,53
2015/12/31,5,3,53
