2016/1/2,484,5,0
2016/1/2,116,5,0
2016/1/2,96,5,0
2016/1/2,259,5,0
2016/1/2,112,5,0
2016/1/2,48,5,0
2016/1/2,18,5,0
2016/1/2,7,5,0
2016/1/2,546,5,0
2016/1/2,14,5,0
2016/1/2,645,5,0
2016/1/2,152,5,0
2016/1/2,27,5,0
2016/1/2,61,5,0
2016/1/2,15,5,0
2016/1/2,3,5,0
2016/1/2,31,5,0
2016/1/2,207,5,0
2016/1/3,105,6,0
2016/1/3,305,6,0
2016/1/3,52,6,0
2016/1/3,28,6,0
2016/1/3,14,6,0
2016/1/3,414,6,0
2016/1/3,2128,6,0
2016/1/3,102,6,0
2016/1/3,327,6,0
2016/1/3,36,6,0
2016/1/3,31,6,0
2016/1/3,10,6,0
2016/1/3,105,6,0
2016/1/3,741,6,0
2016/1/3,103,6,0
2016/1/3,322,6,0
2016/1/3,13,6,0
2016/1/3,15,6,0
2016/1/3,26,6,0
2016/1/3,103,6,0
2016/1/3,344,6,0
2016/1/3,38,6,0
2016/1/3,103,6,0
2016/1/3,6,6,0
2016/1/3,86,6,0
2016/1/3,90,6,0
2016/1/3,54,6,0
2016/1/3,36,6,0
2016/1/3,84,6,0
2016/1/3,17,6,0
2016/1/3,14,6,0
2016/1/3,22,6,0
2016/1/3,89,6,0
2016/1/3,14,6,0
2016/1/3,14,6,0
2016/1/9,208,5,1
2016/1/9,306,5,1
2016/1/9,206,5,1
2016/1/9,502,5,1
2016/1/9,44,5,1
2016/1/9,16,5,1
2016/1/9,212,5,1
2016/1/9,158,5,1
2016/1/9,73,5,1
2016/1/9,204,5,1
2016/1/9,53,5,1
2016/1/9,60,5,1
2016/1/9,124,5,1
2016/1/9,41,5,1
2016/1/9,11,5,1
2016/1/9,58,5,1
2016/1/9,17,5,1
2016/1/9,968,5,1
2016/1/9,199,5,1
2016/1/9,21,5,1
2016/1/9,51,5,1
2016/1/9,48,5,1
2016/1/9,12,5,1
2016/1/9,109,5,1
2016/1/9,56,5,1
2016/1/9,108,5,1
2016/1/9,307,5,1
2016/1/9,29,5,1
2016/1/9,22,5,1
2016/1/9,50,5,1
2016/1/9,23,5,1
2016/1/9,10,5,1
2016/1/9,42,5,1
2016/1/9,19,5,1
2016/1/9,204,5,1
2016/1/9,12,5,1
2016/1/9,23,5,1
2016/1/9,303,5,1
2016/1/10,21,6,1
2016/1/10,16,6,1
2016/1/10,53,6,1
2016/1/10,48,6,1
2016/1/10,5,6,1
2016/1/10,68,6,1
2016/1/10,88,6,1
2016/1/10,301,6,1
2016/1/10,15,6,1
2016/1/10,17,6,1
2016/1/10,63,6,1
2016/1/10,66,6,1
2016/1/10,52,6,1
2016/1/10,107,6,1
2016/1/10,58,6,1
2016/1/10,9,6,1
2016/1/10,26,6,1
2016/1/10,25,6,1
2016/1/10,853,6,1
2016/1/10,44,6,1
2016/1/10,27,6,1
2016/1/10,20,6,1
2016/1/10,22,6,1
2016/1/10,209,6,1
2016/1/10,12,6,1
2016/1/10,10,6,1
2016/1/10,504,6,1
2016/1/10,1257,6,1
2016/1/10,402,6,1
2016/1/10,57,6,1
2016/1/10,674,6,1
2016/1/10,1538,6,1
2016/1/10,86,6,1
2016/1/10,12,6,1
2016/1/10,52,6,1
2016/1/10,77,6,1
2016/1/10,57,6,1
2016/1/10,7,6,1
2016/1/10,41,6,1
2016/1/10,30,6,1
2016/1/10,290,6,1
2016/1/10,22,6,1
2016/1/10,28,6,1
2016/1/10,6,6,1
2016/1/10,53,6,1
2016/1/10,304,6,1
2016/1/10,108,6,1
2016/1/10,164,6,1
2016/1/10,61,6,1
2016/1/10,12,6,1
2016/1/10,67,6,1
2016/1/10,10,6,1
2016/1/10,59,6,1
2016/1/10,19,6,1
2016/1/10,99,6,1
2016/1/10,15,6,1
2016/1/10,53,6,1
2016/1/10,13,6,1
2016/1/10,28,6,1
2016/1/10,58,6,1
2016/1/10,1003,6,1
2016/1/16,35,5,2
2016/1/16,209,5,2
2016/1/16,139,5,2
2016/1/16,155,5,2
2016/1/16,102,5,2
2016/1/16,153,5,2
2016/1/16,150,5,2
2016/1/16,38,5,2
2016/1/16,203,5,2
2016/1/16,153,5,2
2016/1/16,34,5,2
2016/1/16,7,5,2
2016/1/16,13,5,2
2016/1/16,6,5,2
2016/1/16,156,5,2
2016/1/16,52,5,2
2016/1/16,404,5,2
2016/1/16,39,5,2
2016/1/16,146,5,2
2016/1/16,8,5,2
2016/1/16,12,5,2
2016/1/16,39,5,2
2016/1/16,6,5,2
2016/1/16,7,5,2
2016/1/16,78,5,2
2016/1/16,16,5,2
2016/1/16,122,5,2
2016/1/16,13,5,2
2016/1/16,201,5,2
2016/1/16,249,5,2
2016/1/16,56,5,2
2016/1/16,109,5,2
2016/1/16,57,5,2
2016/1/16,108,5,2
2016/1/16,550,5,2
2016/1/16,14,5,2
2016/1/16,307,5,2
2016/1/16,32,5,2
2016/1/17,21,6,2
2016/1/17,206,6,2
2016/1/17,103,6,2
2016/1/17,302,6,2
2016/1/17,101,6,2
2016/1/17,36,6,2
2016/1/17,120,6,2
2016/1/17,41,6,2
2016/1/17,8,6,2
2016/1/17,408,6,2
2016/1/17,12,6,2
2016/1/17,530,6,2
2016/1/17,107,6,2
2016/1/17,53,6,2
2016/1/17,16,6,2
2016/1/17,916,6,2
2016/1/17,37,6,2
2016/1/17,602,6,2
2016/1/17,36,6,2
2016/1/17,167,6,2
2016/1/17,52,6,2
2016/1/17,7,6,2
2016/1/17,57,6,2
2016/1/17,17,6,2
2016/1/17,306,6,2
2016/1/17,13,6,2
2016/1/17,301,6,2
2016/1/17,16,6,2
2016/1/17,22,6,2
2016/1/17,24,6,2
2016/1/17,8,6,2
2016/1/17,89,6,2
2016/1/17,56,6,2
2016/1/17,51,6,2
2016/1/17,52,6,2
2016/1/17,245,6,2
2016/1/17,42,6,2
2016/1/17,36,6,2
2016/1/17,56,6,2
2016/1/17,26,6,2
2016/1/17,22,6,2
2016/1/17,21,6,2
2016/1/17,26,6,2
2016/1/17,21,6,2
2016/1/17,194,6,2
2016/1/17,209,6,2
2016/1/17,147,6,2
2016/1/17,44,6,2
2016/1/17,63,6,2
2016/1/17,35,6,2
2016/1/17,22,6,2
2016/1/17,82,6,2
2016/1/17,305,6,2
2016/1/17,56,6,2
2016/1/17,62,6,2
2016/1/17,28,6,2
2016/1/17,26,6,2
2016/1/17,61,6,2
2016/1/17,305,6,2
2016/1/17,104,6,2
2016/1/17,36,6,2
2016/1/17,26,6,2
2016/1/17,32,6,2
2016/1/23,19,5,3
2016/1/23,25,5,3
2016/1/23,7,5,3
2016/1/23,20,5,3
2016/1/23,55,5,3
2016/1/23,65,5,3
2016/1/23,102,5,3
2016/1/23,37,5,3
2016/1/23,151,5,3
2016/1/23,602,5,3
2016/1/23,104,5,3
2016/1/23,188,5,3
2016/1/23,102,5,3
2016/1/23,33,5,3
2016/1/23,4,5,3
2016/1/23,18,5,3
2016/1/23,203,5,3
2016/1/23,28,5,3
2016/1/23,193,5,3
2016/1/23,207,5,3
2016/1/23,28,5,3
2016/1/23,18,5,3
2016/1/23,6,5,3
2016/1/23,16,5,3
2016/1/23,14,5,3
2016/1/23,4,5,3
2016/1/23,3,5,3
2016/1/23,27,5,3
2016/1/23,26,5,3
2016/1/23,109,5,3
2016/1/23,72,5,3
2016/1/23,21,5,3
2016/1/23,17,5,3
2016/1/23,46,5,3
2016/1/23,7,5,3
2016/1/23,16,5,3
2016/1/23,20,5,3
2016/1/23,7,5,3
2016/1/23,9,5,3
2016/1/23,20,5,3
2016/1/23,58,5,3
2016/1/23,58,5,3
2016/1/23,6,5,3
2016/1/23,68,5,3
2016/1/23,21,5,3
2016/1/23,13,5,3
2016/1/23,16,5,3
2016/1/23,17,5,3
2016/1/23,27,5,3
2016/1/23,18,5,3
2016/1/23,102,5,3
2016/1/23,10,5,3
2016/1/23,325,5,3
2016/1/23,733,5,3
2016/1/23,12,5,3
2016/1/23,29,5,3
2016/1/23,19,5,3
2016/1/23,14,5,3
2016/1/23,103,5,3
2016/1/23,66,5,3
2016/1/23,276,5,3
2016/1/23,181,5,3
2016/1/23,9,5,3
2016/1/23,4,5,3
2016/1/23,37,5,3
2016/1/23,54,5,3
2016/1/24,182,6,3
2016/1/24,33,6,3
2016/1/24,25,6,3
2016/1/24,22,6,3
2016/1/24,62,6,3
2016/1/24,492,6,3
2016/1/24,89,6,3
2016/1/24,381,6,3
2016/1/24,138,6,3
2016/1/24,16,6,3
2016/1/24,55,6,3
2016/1/24,35,6,3
2016/1/24,658,6,3
2016/1/24,52,6,3
2016/1/24,26,6,3
2016/1/24,35,6,3
2016/1/24,113,6,3
2016/1/24,52,6,3
2016/1/24,46,6,3
2016/1/24,43,6,3
2016/1/24,103,6,3
2016/1/24,11,6,3
2016/1/24,36,6,3
2016/1/24,25,6,3
2016/1/24,24,6,3
2016/1/24,53,6,3
2016/1/24,32,6,3
2016/1/24,8,6,3
2016/1/24,29,6,3
2016/1/24,28,6,3
2016/1/24,1006,6,3
2016/1/24,37,6,3
2016/1/24,242,6,3
2016/1/24,67,6,3
2016/1/24,106,6,3
2016/1/24,47,6,3
2016/1/24,25,6,3
2016/1/24,74,6,3
2016/1/24,24,6,3
2016/1/24,76,6,3
2016/1/24,22,6,3
2016/1/24,369,6,3
2016/1/30,147,5,4
2016/1/30,308,5,4
2016/1/30,34,5,4
2016/1/30,206,5,4
2016/1/30,33,5,4
2016/1/30,25,5,4
2016/1/30,299,5,4
2016/1/30,137,5,4
2016/1/30,34,5,4
2016/1/30,36,5,4
2016/1/30,14,5,4
2016/1/30,43,5,4
2016/1/30,109,5,4
2016/1/30,108,5,4
2016/1/30,27,5,4
2016/1/30,658,5,4
2016/1/30,380,5,4
2016/1/30,344,5,4
2016/1/30,58,5,4
2016/1/30,653,5,4
2016/1/30,8,5,4
2016/1/30,206,5,4
2016/1/30,58,5,4
2016/1/30,16,5,4
2016/1/30,403,5,4
2016/1/30,283,5,4
2016/1/30,39,5,4
2016/1/30,403,5,4
2016/1/30,13,5,4
2016/1/30,261,5,4
2016/1/30,25,5,4
2016/1/30,155,5,4
2016/1/30,12,5,4
2016/1/30,204,5,4
2016/1/30,46,5,4
2016/1/30,48,5,4
2016/1/30,6,5,4
2016/1/30,9,5,4
2016/1/30,86,5,4
2016/1/30,10,5,4
2016/1/30,9,5,4
2016/1/30,10,5,4
2016/1/30,39,5,4
2016/1/30,203,5,4
2016/1/30,56,5,4
2016/1/30,37,5,4
2016/1/30,5,5,4
2016/1/30,14,5,4
2016/1/30,14,5,4
2016/1/30,5,5,4
2016/1/30,8,5,4
2016/1/30,22,5,4
2016/1/30,12,5,4
2016/1/30,5,5,4
2016/1/30,326,5,4
2016/1/31,27,6,4
2016/1/31,136,6,4
2016/1/31,36,6,4
2016/1/31,52,6,4
2016/1/31,205,6,4
2016/1/31,12,6,4
2016/1/31,423,6,4
2016/1/31,505,6,4
2016/1/31,309,6,4
2016/1/31,32,6,4
2016/1/31,23,6,4
2016/1/31,107,6,4
2016/1/31,21,6,4
2016/1/31,71,6,4
2016/1/31,7,6,4
2016/1/31,8,6,4
2016/1/31,8,6,4
2016/1/31,22,6,4
2016/1/31,51,6,4
2016/1/31,40,6,4
2016/1/31,16,6,4
2016/1/31,100,6,4
2016/1/31,25,6,4
2016/1/31,204,6,4
2016/1/31,58,6,4
2016/1/31,104,6,4
2016/1/31,34,6,4
2016/1/31,51,6,4
2016/1/31,15,6,4
2016/1/31,44,6,4
2016/1/31,47,6,4
2016/1/31,333,6,4
2016/1/31,209,6,4
2016/1/31,59,6,4
2016/1/31,37,6,4
2016/1/31,109,6,4
2016/1/31,19,6,4
2016/1/31,120,6,4
2016/1/31,73,6,4
2016/1/31,107,6,4
2016/1/31,32,6,4
2016/1/31,23,6,4
2016/1/31,56,6,4
2016/1/31,54,6,4
2016/1/31,20,6,4
2016/2/20,13,5,7
2016/2/20,5,5,7
2016/2/20,2,5,7
2016/2/20,11,5,7
2016/2/20,23,5,7
2016/2/20,6,5,7
2016/2/20,309,5,7
2016/2/20,12,5,7
2016/2/20,201,5,7
2016/2/20,14,5,7
2016/2/20,51,5,7
2016/2/20,47,5,7
2016/2/20,438,5,7
2016/2/20,14,5,7
2016/2/20,51,5,7
2016/2/20,268,5,7
2016/2/20,25,5,7
2016/2/20,358,5,7
2016/2/20,504,5,7
2016/2/20,57,5,7
2016/2/20,206,5,7
2016/2/20,19,5,7
2016/2/20,207,5,7
2016/2/20,518,5,7
2016/2/21,58,6,7
2016/2/21,15,6,7
2016/2/21,29,6,7
2016/2/21,308,6,7
2016/2/21,39,6,7
2016/2/21,82,6,7
2016/2/21,458,6,7
2016/2/21,12,6,7
2016/2/21,281,6,7
2016/2/21,12,6,7
2016/2/21,185,6,7
2016/2/21,18,6,7
2016/2/21,306,6,7
2016/2/21,4,6,7
2016/2/21,101,6,7
2016/2/21,7,6,7
2016/2/21,46,6,7
2016/2/21,189,6,7
2016/2/21,31,6,7
2016/2/21,10,6,7
2016/2/21,10,6,7
2016/2/21,304,6,7
2016/2/21,16,6,7
2016/2/21,14,6,7
2016/2/21,14,6,7
2016/2/27,9,5,8
2016/2/27,8,5,8
2016/2/27,161,5,8
2016/2/27,46,5,8
2016/2/27,105,5,8
2016/2/27,118,5,8
2016/2/27,10,5,8
2016/2/27,144,5,8
2016/2/27,20,5,8
2016/2/27,62,5,8
2016/2/27,9,5,8
2016/2/27,96,5,8
2016/2/27,129,5,8
2016/2/27,575,5,8
2016/2/27,12,5,8
2016/2/27,21,5,8
2016/2/27,15,5,8
2016/2/27,5,5,8
2016/2/27,501,5,8
2016/2/27,8,5,8
2016/2/27,8,5,8
2016/2/27,255,5,8
2016/2/27,17,5,8
2016/2/27,10,5,8
2016/2/27,32,5,8
2016/2/27,13,5,8
2016/2/27,9,5,8
2016/2/27,21,5,8
2016/2/27,18,5,8
2016/2/27,382,5,8
2016/2/27,32,5,8
2016/2/27,101,5,8
2016/2/27,101,5,8
2016/2/27,39,5,8
2016/2/27,11,5,8
2016/2/27,8,5,8
2016/2/27,13,5,8
2016/2/27,15,5,8
2016/2/27,36,5,8
2016/2/27,307,5,8
2016/2/27,89,5,8
2016/2/27,37,5,8
2016/2/27,33,5,8
2016/2/27,44,5,8
2016/2/27,25,5,8
2016/2/27,46,5,8
2016/2/27,32,5,8
2016/2/27,57,5,8
2016/2/27,35,5,8
2016/2/27,29,5,8
2016/2/27,109,5,8
2016/2/27,51,5,8
2016/2/27,105,5,8
2016/2/28,43,6,8
2016/2/28,108,6,8
2016/2/28,186,6,8
2016/2/28,54,6,8
2016/2/28,157,6,8
2016/2/28,164,6,8
2016/2/28,51,6,8
2016/2/28,439,6,8
2016/2/28,405,6,8
2016/2/28,19,6,8
2016/2/28,34,6,8
2016/2/28,121,6,8
2016/2/28,37,6,8
2016/2/28,41,6,8
2016/2/28,156,6,8
2016/2/28,25,6,8
2016/2/28,5,6,8
2016/2/28,7,6,8
2016/2/28,18,6,8
2016/2/28,157,6,8
2016/2/28,16,6,8
2016/2/28,39,6,8
2016/2/28,53,6,8
2016/2/28,207,6,8
2016/2/28,259,6,8
2016/2/28,5,6,8
2016/2/28,386,6,8
2016/2/28,42,6,8
2016/2/28,102,6,8
2016/2/28,35,6,8
2016/2/28,12,6,8
2016/2/28,16,6,8
2016/2/28,104,6,8
2016/2/28,99,6,8
2016/2/28,27,6,8
2016/2/28,109,6,8
2016/3/5,43,5,9
2016/3/5,43,5,9
2016/3/5,166,5,9
2016/3/5,68,5,9
2016/3/5,25,5,9
2016/3/5,11,5,9
2016/3/5,20,5,9
2016/3/5,202,5,9
2016/3/5,32,5,9
2016/3/5,607,5,9
2016/3/5,371,5,9
2016/3/5,46,5,9
2016/3/5,16,5,9
2016/3/5,19,5,9
2016/3/5,25,5,9
2016/3/5,221,5,9
2016/3/5,16,5,9
2016/3/5,13,5,9
2016/3/5,304,5,9
2016/3/5,11,5,9
2016/3/5,303,5,9
2016/3/5,187,5,9
2016/3/5,124,5,9
2016/3/5,49,5,9
2016/3/5,184,5,9
2016/3/5,17,5,9
2016/3/5,1724,5,9
2016/3/5,7,5,9
2016/3/5,12,5,9
2016/3/5,17,5,9
2016/3/5,13,5,9
2016/3/5,185,5,9
2016/3/6,219,6,9
2016/3/6,77,6,9
2016/3/6,33,6,9
2016/3/6,194,6,9
2016/3/6,25,6,9
2016/3/6,53,6,9
2016/3/6,159,6,9
2016/3/6,18,6,9
2016/3/6,69,6,9
2016/3/6,58,6,9
2016/3/6,66,6,9
2016/3/6,122,6,9
2016/3/6,28,6,9
2016/3/6,45,6,9
2016/3/6,14,6,9
2016/3/6,25,6,9
2016/3/6,18,6,9
2016/3/6,7,6,9
2016/3/6,31,6,9
2016/3/6,24,6,9
2016/3/6,26,6,9
2016/3/6,401,6,9
2016/3/6,13,6,9
2016/3/6,14,6,9
2016/3/6,37,6,9
2016/3/6,103,6,9
2016/3/6,16,6,9
2016/3/6,12,6,9
2016/3/6,68,6,9
2016/3/6,34,6,9
2016/3/6,155,6,9
2016/3/6,10,6,9
2016/3/6,23,6,9
2016/3/6,16,6,9
2016/3/12,4,5,10
2016/3/12,20,5,10
2016/3/12,29,5,10
2016/3/12,29,5,10
2016/3/12,6,5,10
2016/3/12,5,5,10
2016/3/12,34,5,10
2016/3/12,48,5,10
2016/3/12,21,5,10
2016/3/12,62,5,10
2016/3/12,31,5,10
2016/3/12,133,5,10
2016/3/12,302,5,10
2016/3/12,126,5,10
2016/3/12,19,5,10
2016/3/12,226,5,10
2016/3/12,18,5,10
2016/3/12,13,5,10
2016/3/12,165,5,10
2016/3/12,45,5,10
2016/3/12,13,5,10
2016/3/12,13,5,10
2016/3/12,28,5,10
2016/3/12,7,5,10
2016/3/12,8,5,10
2016/3/12,15,5,10
2016/3/12,88,5,10
2016/3/12,107,5,10
2016/3/12,103,5,10
2016/3/12,42,5,10
2016/3/12,3,5,10
2016/3/12,5,5,10
2016/3/12,2,5,10
2016/3/12,562,5,10
2016/3/12,11,5,10
2016/3/12,35,5,10
2016/3/12,9,5,10
2016/3/12,31,5,10
2016/3/12,162,5,10
2016/3/12,131,5,10
2016/3/12,776,5,10
2016/3/12,86,5,10
2016/3/12,50,5,10
2016/3/12,12,5,10
2016/3/12,30,5,10
2016/3/12,2,5,10
2016/3/12,105,5,10
2016/3/12,159,5,10
2016/3/12,92,5,10
2016/3/12,308,5,10
2016/3/12,122,5,10
2016/3/12,12,5,10
2016/3/12,808,5,10
2016/3/12,32,5,10
2016/3/12,206,5,10
2016/3/12,33,5,10
2016/3/12,64,5,10
2016/3/12,88,5,10
2016/3/13,408,6,10
2016/3/13,466,6,10
2016/3/13,12,6,10
2016/3/13,69,6,10
2016/3/13,19,6,10
2016/3/13,159,6,10
2016/3/13,112,6,10
2016/3/13,174,6,10
2016/3/13,38,6,10
2016/3/13,41,6,10
2016/3/13,87,6,10
2016/3/13,24,6,10
2016/3/13,113,6,10
2016/3/13,50,6,10
2016/3/13,250,6,10
2016/3/13,8,6,10
2016/3/13,391,6,10
2016/3/13,32,6,10
2016/3/13,26,6,10
2016/3/13,106,6,10
2016/3/13,10,6,10
2016/3/13,103,6,10
2016/3/13,14,6,10
2016/3/13,102,6,10
2016/3/13,40,6,10
2016/3/13,57,6,10
2016/3/19,102,5,11
2016/3/19,59,5,11
2016/3/19,19,5,11
2016/3/19,33,5,11
2016/3/19,211,5,11
2016/3/19,43,5,11
2016/3/19,39,5,11
2016/3/19,238,5,11
2016/3/19,51,5,11
2016/3/19,39,5,11
2016/3/19,18,5,11
2016/3/19,35,5,11
2016/3/19,65,5,11
2016/3/19,142,5,11
2016/3/19,11,5,11
2016/3/19,7,5,11
2016/3/19,16,5,11
2016/3/19,623,5,11
2016/3/19,102,5,11
2016/3/19,636,5,11
2016/3/19,261,5,11
2016/3/19,222,5,11
2016/3/19,201,5,11
2016/3/19,8,5,11
2016/3/19,37,5,11
2016/3/19,57,5,11
2016/3/19,52,5,11
2016/3/19,42,5,11
2016/3/19,407,5,11
2016/3/19,224,5,11
2016/3/19,29,5,11
2016/3/19,55,5,11
2016/3/19,51,5,11
2016/3/19,6,5,11
2016/3/19,26,5,11
2016/3/20,301,6,11
2016/3/20,27,6,11
2016/3/20,255,6,11
2016/3/20,37,6,11
2016/3/20,16,6,11
2016/3/20,14,6,11
2016/3/20,13,6,11
2016/3/20,11,6,11
2016/3/20,109,6,11
2016/3/20,9,6,11
2016/3/20,26,6,11
2016/3/20,14,6,11
2016/3/20,109,6,11
2016/3/20,14,6,11
2016/3/20,101,6,11
2016/3/20,2,6,11
2016/3/20,4,6,11
2016/3/20,17,6,11
2016/3/20,108,6,11
2016/3/20,59,6,11
2016/3/20,67,6,11
2016/3/20,56,6,11
2016/3/20,88,6,11
2016/3/20,340,6,11
2016/3/20,605,6,11
2016/3/20,27,6,11
2016/3/20,67,6,11
2016/3/26,107,5,12
2016/3/26,141,5,12
2016/3/26,203,5,12
2016/3/26,57,5,12
2016/3/26,103,5,12
2016/3/26,36,5,12
2016/3/26,51,5,12
2016/3/26,154,5,12
2016/3/26,58,5,12
2016/3/26,56,5,12
2016/3/26,13,5,12
2016/3/26,55,5,12
2016/3/26,149,5,12
2016/3/26,37,5,12
2016/3/26,131,5,12
2016/3/26,11,5,12
2016/3/26,432,5,12
2016/3/26,10,5,12
2016/3/26,1202,5,12
2016/3/26,14,5,12
2016/3/26,609,5,12
2016/3/26,368,5,12
2016/3/26,261,5,12
2016/3/26,81,5,12
2016/3/26,85,5,12
2016/3/26,583,5,12
2016/3/26,14,5,12
2016/3/26,104,5,12
2016/3/26,51,5,12
2016/3/26,26,5,12
2016/3/26,6,5,12
2016/3/26,21,5,12
2016/3/26,87,5,12
2016/3/26,106,5,12
2016/3/26,202,5,12
2016/3/26,37,5,12
2016/3/26,9,5,12
2016/3/26,504,5,12
2016/3/26,15,5,12
2016/3/26,56,5,12
2016/3/26,19,5,12
2016/3/26,101,5,12
2016/3/26,3,5,12
2016/3/26,108,5,12
2016/3/26,350,5,12
2016/3/26,107,5,12
2016/3/26,51,5,12
2016/3/26,103,5,12
2016/3/26,21,5,12
2016/3/27,11,6,12
2016/3/27,108,6,12
2016/3/27,20,6,12
2016/3/27,1004,6,12
2016/3/27,704,6,12
2016/3/27,1009,6,12
2016/3/27,54,6,12
2016/3/27,34,6,12
2016/3/27,605,6,12
2016/3/27,35,6,12
2016/3/27,28,6,12
2016/3/27,208,6,12
2016/3/27,12,6,12
2016/3/27,41,6,12
2016/3/27,32,6,12
2016/3/27,61,6,12
2016/3/27,20,6,12
2016/3/27,23,6,12
2016/3/27,36,6,12
2016/3/27,57,6,12
2016/3/27,118,6,12
2016/3/27,94,6,12
2016/3/27,118,6,12
2016/3/27,58,6,12
2016/3/27,8,6,12
2016/3/27,10,6,12
2016/3/27,19,6,12
2016/3/27,16,6,12
2016/3/27,12,6,12
2016/3/27,205,6,12
2016/3/27,30,6,12
2016/3/27,8,6,12
2016/3/27,39,6,12
2016/3/27,19,6,12
2016/3/27,34,6,12
2016/3/27,22,6,12
2016/3/27,27,6,12
2016/3/27,68,6,12
2016/3/27,17,6,12
2016/4/2,62,5,13
2016/4/2,290,5,13
2016/4/2,204,5,13
2016/4/2,11,5,13
2016/4/2,22,5,13
2016/4/2,27,5,13
2016/4/2,25,5,13
2016/4/2,18,5,13
2016/4/2,23,5,13
2016/4/2,18,5,13
2016/4/2,78,5,13
2016/4/2,156,5,13
2016/4/2,58,5,13
2016/4/2,69,5,13
2016/4/2,37,5,13
2016/4/2,92,5,13
2016/4/3,13,6,13
2016/4/3,93,6,13
2016/4/3,17,6,13
2016/4/3,502,6,13
2016/4/3,34,6,13
2016/4/3,133,6,13
2016/4/3,12,6,13
2016/4/9,95,5,14
2016/4/9,129,5,14
2016/4/9,290,5,14
2016/4/9,52,5,14
2016/4/9,302,5,14
2016/4/9,28,5,14
2016/4/9,53,5,14
2016/4/9,6,5,14
2016/4/9,158,5,14
2016/4/9,101,5,14
2016/4/9,17,5,14
2016/4/9,158,5,14
2016/4/9,78,5,14
2016/4/9,18,5,14
2016/4/9,8,5,14
2016/4/9,109,5,14
2016/4/9,29,5,14
2016/4/9,104,5,14
2016/4/9,203,5,14
2016/4/9,22,5,14
2016/4/9,9,5,14
2016/4/9,8,5,14
2016/4/9,59,5,14
2016/4/9,64,5,14
2016/4/9,4,5,14
2016/4/9,57,5,14
2016/4/9,35,5,14
2016/4/9,53,5,14
2016/4/9,54,5,14
2016/4/10,39,6,14
2016/4/10,88,6,14
2016/4/10,74,6,14
2016/4/10,15,6,14
2016/4/10,123,6,14
2016/4/10,128,6,14
2016/4/10,58,6,14
2016/4/10,307,6,14
2016/4/10,22,6,14
2016/4/10,104,6,14
2016/4/10,91,6,14
2016/4/10,58,6,14
2016/4/10,21,6,14
2016/4/10,45,6,14
2016/4/10,11,6,14
2016/4/10,20,6,14
2016/4/10,64,6,14
2016/4/10,508,6,14
2016/4/10,23,6,14
2016/4/10,206,6,14
2016/4/10,307,6,14
2016/4/10,355,6,14
2016/4/10,20,6,14
2016/4/10,32,6,14
2016/4/10,67,6,14
2016/4/16,7,5,15
2016/4/16,11,5,15
2016/4/16,13,5,15
2016/4/16,9,5,15
2016/4/16,47,5,15
2016/4/16,25,5,15
2016/4/16,16,5,15
2016/4/16,12,5,15
2016/4/16,206,5,15
2016/4/16,27,5,15
2016/4/16,10,5,15
2016/4/16,17,5,15
2016/4/16,176,5,15
2016/4/16,53,5,15
2016/4/16,61,5,15
2016/4/16,39,5,15
2016/4/16,211,5,15
2016/4/16,54,5,15
2016/4/16,307,5,15
2016/4/16,231,5,15
2016/4/16,15,5,15
2016/4/16,13,5,15
2016/4/16,10,5,15
2016/4/16,21,5,15
2016/4/16,104,5,15
2016/4/16,16,5,15
2016/4/16,6,5,15
2016/4/16,439,5,15
2016/4/16,107,5,15
2016/4/16,51,5,15
2016/4/16,105,5,15
2016/4/16,104,5,15
2016/4/17,36,6,15
2016/4/17,22,6,15
2016/4/17,101,6,15
2016/4/17,57,6,15
2016/4/17,106,6,15
2016/4/17,66,6,15
2016/4/17,154,6,15
2016/4/17,29,6,15
2016/4/17,104,6,15
2016/4/17,19,6,15
2016/4/17,109,6,15
2016/4/17,11,6,15
2016/4/17,155,6,15
2016/4/17,153,6,15
2016/4/17,205,6,15
2016/4/17,7,6,15
2016/4/17,17,6,15
2016/4/17,54,6,15
2016/4/17,108,6,15
2016/4/17,29,6,15
2016/4/17,231,6,15
2016/4/17,89,6,15
2016/4/17,6,6,15
2016/4/17,43,6,15
2016/4/17,102,6,15
2016/4/17,69,6,15
2016/4/17,153,6,15
2016/4/17,27,6,15
2016/4/17,19,6,15
2016/4/17,81,6,15
2016/4/17,29,6,15
2016/4/17,51,6,15
2016/4/17,198,6,15
2016/4/17,18,6,15
2016/4/17,32,6,15
2016/4/17,89,6,15
2016/4/23,7,5,16
2016/4/23,6,5,16
2016/4/23,7,5,16
2016/4/23,107,5,16
2016/4/23,2,5,16
2016/4/23,2,5,16
2016/4/23,3,5,16
2016/4/23,10,5,16
2016/4/23,8,5,16
2016/4/23,59,5,16
2016/4/23,51,5,16
2016/4/23,6,5,16
2016/4/23,2,5,16
2016/4/23,7,5,16
2016/4/23,7,5,16
2016/4/23,5,5,16
2016/4/23,94,5,16
2016/4/23,16,5,16
2016/4/23,18,5,16
2016/4/23,13,5,16
2016/4/23,65,5,16
2016/4/23,544,5,16
2016/4/23,201,5,16
2016/4/23,19,5,16
2016/4/23,107,5,16
2016/4/23,55,5,16
2016/4/23,10,5,16
2016/4/23,99,5,16
2016/4/23,12,5,16
2016/4/23,118,5,16
2016/4/23,41,5,16
2016/4/23,14,5,16
2016/4/23,362,5,16
2016/4/23,11,5,16
2016/4/23,10,5,16
2016/4/23,4,5,16
2016/4/23,12,5,16
2016/4/23,24,5,16
2016/4/23,31,5,16
2016/4/23,7,5,16
2016/4/23,8,5,16
2016/4/23,6,5,16
2016/4/23,3,5,16
2016/4/23,42,5,16
2016/4/23,2,5,16
2016/4/23,8,5,16
2016/4/23,10,5,16
2016/4/23,3,5,16
2016/4/23,5,5,16
2016/4/23,3,5,16
2016/4/23,19,5,16
2016/4/23,10,5,16
2016/4/23,7,5,16
2016/4/23,17,5,16
2016/4/23,57,5,16
2016/4/24,28,6,16
2016/4/24,3,6,16
2016/4/24,331,6,16
2016/4/24,117,6,16
2016/4/24,14,6,16
2016/4/24,27,6,16
2016/4/24,32,6,16
2016/4/24,26,6,16
2016/4/24,15,6,16
2016/4/24,23,6,16
2016/4/24,502,6,16
2016/4/24,16,6,16
2016/4/24,58,6,16
2016/4/24,21,6,16
2016/4/24,887,6,16
2016/4/24,27,6,16
2016/4/24,14,6,16
2016/4/24,26,6,16
2016/4/24,241,6,16
2016/4/24,53,6,16
2016/4/24,3,6,16
2016/4/24,18,6,16
2016/4/24,54,6,16
2016/4/24,128,6,16
2016/4/24,133,6,16
2016/4/24,12,6,16
2016/4/24,8,6,16
2016/4/24,109,6,16
2016/4/24,17,6,16
2016/4/24,9,6,16
2016/4/24,59,6,16
2016/4/24,46,6,16
2016/4/24,21,6,16
2016/4/24,25,6,16
2016/4/24,98,6,16
2016/4/24,18,6,16
2016/4/24,159,6,16
2016/4/24,21,6,16
2016/4/24,62,6,16
2016/4/24,14,6,16
2016/4/30,19,5,17
2016/4/30,40,5,17
2016/4/30,58,5,17
2016/4/30,41,5,17
2016/4/30,204,5,17
2016/4/30,26,5,17
2016/4/30,23,5,17
2016/4/30,152,5,17
2016/4/30,11,5,17
2016/4/30,69,5,17
2016/4/30,450,5,17
2016/4/30,507,5,17
2016/4/30,258,5,17
2016/4/30,17,5,17
2016/4/30,15,5,17
2016/4/30,105,5,17
2016/4/30,107,5,17
2016/4/30,20,5,17
2016/4/30,506,5,17
2016/4/30,55,5,17
2016/4/30,37,5,17
2016/4/30,88,5,17
2016/4/30,204,5,17
2016/4/30,104,5,17
2016/4/30,304,5,17
2016/4/30,208,5,17
2016/4/30,9,5,17
2016/4/30,74,5,17
2016/4/30,21,5,17
2016/4/30,34,5,17
2016/4/30,306,5,17
2016/4/30,103,5,17
2016/5/1,26,6,17
2016/5/1,3,6,17
2016/5/1,5,6,17
2016/5/1,11,6,17
2016/5/7,52,5,18
2016/5/7,189,5,18
2016/5/7,62,5,18
2016/5/7,516,5,18
2016/5/7,29,5,18
2016/5/7,501,5,18
2016/5/7,2,5,18
2016/5/7,15,5,18
2016/5/7,331,5,18
2016/5/7,15,5,18
2016/5/7,11,5,18
2016/5/7,209,5,18
2016/5/7,13,5,18
2016/5/7,24,5,18
2016/5/7,169,5,18
2016/5/7,25,5,18
2016/5/7,37,5,18
2016/5/7,12,5,18
2016/5/7,16,5,18
2016/5/7,16,5,18
2016/5/7,9,5,18
2016/5/7,61,5,18
2016/5/7,26,5,18
2016/5/7,203,5,18
2016/5/7,39,5,18
2016/5/7,209,5,18
2016/5/7,2,5,18
2016/5/7,12,5,18
2016/5/7,14,5,18
2016/5/7,7,5,18
2016/5/7,11,5,18
2016/5/7,67,5,18
2016/5/7,9,5,18
2016/5/7,301,5,18
2016/5/7,51,5,18
2016/5/7,18,5,18
2016/5/7,109,5,18
2016/5/7,10,5,18
2016/5/7,43,5,18
2016/5/7,15,5,18
2016/5/7,8,5,18
2016/5/7,31,5,18
2016/5/7,15,5,18
2016/5/7,17,5,18
2016/5/7,8,5,18
2016/5/7,89,5,18
2016/5/7,144,5,18
2016/5/8,48,6,18
2016/5/8,138,6,18
2016/5/8,346,6,18
2016/5/8,52,6,18
2016/5/8,1501,6,18
2016/5/8,94,6,18
2016/5/8,22,6,18
2016/5/8,1159,6,18
2016/5/8,53,6,18
2016/5/8,402,6,18
2016/5/8,58,6,18
2016/5/8,155,6,18
2016/5/8,309,6,18
2016/5/8,101,6,18
2016/5/8,38,6,18
2016/5/8,17,6,18
2016/5/8,102,6,18
2016/5/8,303,6,18
2016/5/8,17,6,18
2016/5/8,13,6,18
2016/5/8,153,6,18
2016/5/8,68,6,18
2016/5/14,28,5,19
2016/5/14,27,5,19
2016/5/14,57,5,19
2016/5/14,55,5,19
2016/5/14,34,5,19
2016/5/14,10,5,19
2016/5/14,38,5,19
2016/5/14,22,5,19
2016/5/14,37,5,19
2016/5/14,1135,5,19
2016/5/14,69,5,19
2016/5/14,291,5,19
2016/5/14,210,5,19
2016/5/14,71,5,19
2016/5/14,341,5,19
2016/5/14,52,5,19
2016/5/14,38,5,19
2016/5/14,36,5,19
2016/5/14,38,5,19
2016/5/14,87,5,19
2016/5/14,67,5,19
2016/5/14,12,5,19
2016/5/14,106,5,19
2016/5/14,135,5,19
2016/5/14,545,5,19
2016/5/14,2,5,19
2016/5/14,407,5,19
2016/5/14,404,5,19
2016/5/14,88,5,19
2016/5/14,20,5,19
2016/5/14,3,5,19
2016/5/14,3,5,19
2016/5/14,42,5,19
2016/5/14,6,5,19
2016/5/14,11,5,19
2016/5/14,29,5,19
2016/5/14,214,5,19
2016/5/14,8,5,19
2016/5/14,609,5,19
2016/5/14,4,5,19
2016/5/14,227,5,19
2016/5/14,53,5,19
2016/5/14,18,5,19
2016/5/14,101,5,19
2016/5/14,84,5,19
2016/5/14,12,5,19
2016/5/14,57,5,19
2016/5/14,107,5,19
2016/5/14,14,5,19
2016/5/14,102,5,19
2016/5/14,5,5,19
2016/5/14,9,5,19
2016/5/14,6,5,19
2016/5/14,9,5,19
2016/5/14,2,5,19
2016/5/14,25,5,19
2016/5/14,25,5,19
2016/5/14,164,5,19
2016/5/14,16,5,19
2016/5/14,103,5,19
2016/5/14,24,5,19
2016/5/14,43,5,19
2016/5/14,102,5,19
2016/5/14,147,5,19
2016/5/14,122,5,19
2016/5/14,10,5,19
2016/5/14,106,5,19
2016/5/14,46,5,19
2016/5/14,51,5,19
2016/5/14,26,5,19
2016/5/14,20,5,19
2016/5/14,21,5,19
2016/5/14,35,5,19
2016/5/14,19,5,19
2016/5/14,59,5,19
2016/5/15,39,6,19
2016/5/15,9,6,19
2016/5/15,96,6,19
2016/5/15,498,6,19
2016/5/15,42,6,19
2016/5/15,33,6,19
2016/5/15,36,6,19
2016/5/15,43,6,19
2016/5/15,642,6,19
2016/5/15,36,6,19
2016/5/15,212,6,19
2016/5/15,94,6,19
2016/5/15,39,6,19
2016/5/15,22,6,19
2016/5/15,47,6,19
2016/5/15,56,6,19
2016/5/15,51,6,19
2016/5/15,173,6,19
2016/5/15,109,6,19
2016/5/15,15,6,19
2016/5/15,18,6,19
2016/5/15,85,6,19
2016/5/15,23,6,19
2016/5/15,13,6,19
2016/5/15,101,6,19
2016/5/15,35,6,19
2016/5/15,19,6,19
2016/5/15,8,6,19
2016/5/15,57,6,19
2016/5/15,307,6,19
2016/5/15,752,6,19
2016/5/15,43,6,19
2016/5/21,138,5,20
2016/5/21,52,5,20
2016/5/21,876,5,20
2016/5/21,67,5,20
2016/5/21,288,5,20
2016/5/21,25,5,20
2016/5/21,47,5,20
2016/5/21,58,5,20
2016/5/21,36,5,20
2016/5/21,109,5,20
2016/5/21,104,5,20
2016/5/21,12,5,20
2016/5/21,3,5,20
2016/5/21,334,5,20
2016/5/21,33,5,20
2016/5/21,19,5,20
2016/5/21,67,5,20
2016/5/21,26,5,20
2016/5/21,1790,5,20
2016/5/21,20,5,20
2016/5/21,498,5,20
2016/5/21,15,5,20
2016/5/21,24,5,20
2016/5/21,129,5,20
2016/5/21,108,5,20
2016/5/21,12,5,20
2016/5/21,17,5,20
2016/5/21,33,5,20
2016/5/21,66,5,20
2016/5/21,103,5,20
2016/5/21,19,5,20
2016/5/21,85,5,20
2016/5/21,38,5,20
2016/5/21,29,5,20
2016/5/21,33,5,20
2016/5/21,10,5,20
2016/5/21,62,5,20
2016/5/21,8,5,20
2016/5/21,5,5,20
2016/5/21,54,5,20
2016/5/21,207,5,20
2016/5/21,168,5,20
2016/5/21,28,5,20
2016/5/21,4,5,20
2016/5/21,18,5,20
2016/5/22,221,6,20
2016/5/22,726,6,20
2016/5/22,8,6,20
2016/5/22,168,6,20
2016/5/22,16,6,20
2016/5/22,108,6,20
2016/5/22,26,6,20
2016/5/22,101,6,20
2016/5/22,50,6,20
2016/5/22,85,6,20
2016/5/22,358,6,20
2016/5/22,36,6,20
2016/5/22,48,6,20
2016/5/22,64,6,20
2016/5/22,463,6,20
2016/5/22,73,6,20
2016/5/22,48,6,20
2016/5/22,46,6,20
2016/5/22,241,6,20
2016/5/22,27,6,20
2016/5/22,62,6,20
2016/5/22,11,6,20
2016/5/22,26,6,20
2016/5/22,103,6,20
2016/5/22,124,6,20
2016/5/22,51,6,20
2016/5/22,11,6,20
2016/5/22,29,6,20
2016/5/22,109,6,20
2016/5/22,110,6,20
2016/5/22,104,6,20
2016/5/22,12,6,20
2016/5/22,27,6,20
2016/5/22,54,6,20
2016/5/22,66,6,20
2016/5/28,406,5,21
2016/5/28,408,5,21
2016/5/28,12,5,21
2016/5/28,68,5,21
2016/5/28,58,5,21
2016/5/28,54,5,21
2016/5/28,301,5,21
2016/5/28,58,5,21
2016/5/28,263,5,21
2016/5/28,59,5,21
2016/5/28,28,5,21
2016/5/28,12,5,21
2016/5/28,31,5,21
2016/5/28,241,5,21
2016/5/28,43,5,21
2016/5/28,24,5,21
2016/5/28,197,5,21
2016/5/28,70,5,21
2016/5/28,16,5,21
2016/5/28,13,5,21
2016/5/28,13,5,21
2016/5/28,11,5,21
2016/5/28,14,5,21
2016/5/28,180,5,21
2016/5/28,4,5,21
2016/5/28,51,5,21
2016/5/28,3,5,21
2016/5/28,11,5,21
2016/5/28,26,5,21
2016/5/28,1088,5,21
2016/5/28,45,5,21
2016/5/28,118,5,21
2016/5/28,21,5,21
2016/5/28,11,5,21
2016/5/28,22,5,21
2016/5/28,68,5,21
2016/5/28,81,5,21
2016/5/28,65,5,21
2016/5/28,54,5,21
2016/5/28,33,5,21
2016/5/29,561,6,21
2016/5/29,104,6,21
2016/5/29,27,6,21
2016/5/29,33,6,21
2016/5/29,105,6,21
2016/5/29,54,6,21
2016/5/29,46,6,21
2016/5/29,411,6,21
2016/5/29,102,6,21
2016/5/29,12,6,21
2016/5/29,16,6,21
2016/5/29,12,6,21
2016/5/29,56,6,21
2016/5/29,103,6,21
2016/5/29,50,6,21
2016/5/29,455,6,21
2016/5/29,208,6,21
2016/5/29,224,6,21
2016/5/29,5,6,21
2016/5/29,52,6,21
2016/5/29,1005,6,21
2016/5/29,875,6,21
2016/5/29,161,6,21
2016/5/29,507,6,21
2016/5/29,139,6,21
2016/5/29,29,6,21
2016/5/29,16,6,21
2016/5/29,60,6,21
2016/6/4,26,5,22
2016/6/4,116,5,22
2016/6/4,23,5,22
2016/6/4,17,5,22
2016/6/4,59,5,22
2016/6/4,66,5,22
2016/6/4,82,5,22
2016/6/4,24,5,22
2016/6/4,61,5,22
2016/6/4,54,5,22
2016/6/4,15,5,22
2016/6/4,157,5,22
2016/6/4,247,5,22
2016/6/4,605,5,22
2016/6/4,97,5,22
2016/6/4,4,5,22
2016/6/4,9,5,22
2016/6/4,54,5,22
2016/6/4,1402,5,22
2016/6/4,204,5,22
2016/6/4,206,5,22
2016/6/4,16,5,22
2016/6/4,9,5,22
2016/6/4,11,5,22
2016/6/4,17,5,22
2016/6/4,724,5,22
2016/6/4,16,5,22
2016/6/4,51,5,22
2016/6/4,45,5,22
2016/6/4,103,5,22
2016/6/4,37,5,22
2016/6/4,79,5,22
2016/6/4,28,5,22
2016/6/4,401,5,22
2016/6/4,15,5,22
2016/6/4,105,5,22
2016/6/4,98,5,22
2016/6/4,53,5,22
2016/6/4,32,5,22
2016/6/4,16,5,22
2016/6/5,206,6,22
2016/6/5,64,6,22
2016/6/5,1054,6,22
2016/6/5,308,6,22
2016/6/5,153,6,22
2016/6/5,11,6,22
2016/6/5,34,6,22
2016/6/5,148,6,22
2016/6/5,50,6,22
2016/6/5,25,6,22
2016/6/5,155,6,22
2016/6/5,58,6,22
2016/6/5,33,6,22
2016/6/5,108,6,22
2016/6/5,208,6,22
2016/6/5,69,6,22
2016/6/5,121,6,22
2016/6/5,47,6,22
2016/6/5,31,6,22
2016/6/5,49,6,22
2016/6/5,58,6,22
2016/6/5,207,6,22
2016/6/5,16,6,22
2016/6/5,107,6,22
2016/6/5,6,6,22
2016/6/11,35,5,23
2016/6/11,15,5,23
2016/6/11,44,5,23
2016/6/11,7,5,23
2016/6/11,15,5,23
2016/6/11,72,5,23
2016/6/11,154,5,23
2016/6/11,52,5,23
2016/6/11,57,5,23
2016/6/11,68,5,23
2016/6/11,12,5,23
2016/6/11,108,5,23
2016/6/11,305,5,23
2016/6/11,975,5,23
2016/6/11,53,5,23
2016/6/11,104,5,23
2016/6/11,77,5,23
2016/6/11,22,5,23
2016/6/11,74,5,23
2016/6/11,104,5,23
2016/6/11,104,5,23
2016/6/12,32,6,23
2016/6/12,55,6,23
2016/6/12,17,6,23
2016/6/12,11,6,23
2016/6/12,13,6,23
2016/6/12,12,6,23
2016/6/12,10,6,23
2016/6/12,22,6,23
2016/6/12,13,6,23
2016/6/12,26,6,23
2016/6/12,104,6,23
2016/6/12,37,6,23
2016/6/12,16,6,23
2016/6/12,8,6,23
2016/6/12,76,6,23
2016/6/12,14,6,23
2016/6/12,37,6,23
2016/6/12,15,6,23
2016/6/12,54,6,23
2016/6/12,159,6,23
2016/6/12,55,6,23
2016/6/12,12,6,23
2016/6/12,109,6,23
2016/6/12,5,6,23
2016/6/12,5,6,23
2016/6/12,509,6,23
2016/6/12,141,6,23
2016/6/12,26,6,23
2016/6/12,204,6,23
2016/6/12,25,6,23
2016/6/12,57,6,23
2016/6/12,29,6,23
2016/6/12,27,6,23
2016/6/12,109,6,23
2016/6/12,57,6,23
2016/6/12,14,6,23
2016/6/12,33,6,23
2016/6/12,108,6,23
2016/6/12,55,6,23
2016/6/18,31,5,24
2016/6/18,31,5,24
2016/6/18,21,5,24
2016/6/18,10,5,24
2016/6/18,4,5,24
2016/6/18,8,5,24
2016/6/18,9,5,24
2016/6/18,12,5,24
2016/6/18,12,5,24
2016/6/18,7,5,24
2016/6/18,19,5,24
2016/6/18,23,5,24
2016/6/18,29,5,24
2016/6/18,59,5,24
2016/6/18,14,5,24
2016/6/18,14,5,24
2016/6/18,8,5,24
2016/6/18,107,5,24
2016/6/18,9,5,24
2016/6/18,5,5,24
2016/6/18,9,5,24
2016/6/18,14,5,24
2016/6/18,54,5,24
2016/6/18,102,5,24
2016/6/18,11,5,24
2016/6/18,9,5,24
2016/6/18,7,5,24
2016/6/18,22,5,24
2016/6/18,55,5,24
2016/6/18,9,5,24
2016/6/18,12,5,24
2016/6/18,254,5,24
2016/6/18,876,5,24
2016/6/18,29,5,24
2016/6/18,10,5,24
2016/6/18,7,5,24
2016/6/18,12,5,24
2016/6/18,9,5,24
2016/6/18,65,5,24
2016/6/18,24,5,24
2016/6/18,107,5,24
2016/6/18,123,5,24
2016/6/19,208,6,24
2016/6/19,11,6,24
2016/6/19,8,6,24
2016/6/19,37,6,24
2016/6/19,16,6,24
2016/6/19,5,6,24
2016/6/19,83,6,24
2016/6/19,11,6,24
2016/6/19,8,6,24
2016/6/19,36,6,24
2016/6/19,13,6,24
2016/6/19,55,6,24
2016/6/19,21,6,24
2016/6/19,351,6,24
2016/6/19,32,6,24
2016/6/19,12,6,24
2016/6/19,27,6,24
2016/6/19,154,6,24
2016/6/19,9,6,24
2016/6/19,36,6,24
2016/6/19,29,6,24
2016/6/19,201,6,24
2016/6/19,16,6,24
2016/6/25,105,5,25
2016/6/25,57,5,25
2016/6/25,494,5,25
2016/6/25,244,5,25
2016/6/25,65,5,25
2016/6/25,480,5,25
2016/6/25,19,5,25
2016/6/25,10,5,25
2016/6/25,19,5,25
2016/6/25,783,5,25
2016/6/25,188,5,25
2016/6/25,38,5,25
2016/6/25,109,5,25
2016/6/25,21,5,25
2016/6/25,38,5,25
2016/6/25,26,5,25
2016/6/25,4,5,25
2016/6/25,53,5,25
2016/6/25,58,5,25
2016/6/25,357,5,25
2016/6/25,22,5,25
2016/6/25,33,5,25
2016/6/25,58,5,25
2016/6/25,104,5,25
2016/6/25,26,5,25
2016/6/25,36,5,25
2016/6/25,6,5,25
2016/6/25,206,5,25
2016/6/25,2,5,25
2016/6/25,3,5,25
2016/6/25,85,5,25
2016/6/25,3,5,25
2016/6/25,49,5,25
2016/6/25,7,5,25
2016/6/25,16,5,25
2016/6/25,107,5,25
2016/6/25,58,5,25
2016/6/25,76,5,25
2016/6/26,23,6,25
2016/6/26,25,6,25
2016/6/26,63,6,25
2016/6/26,87,6,25
2016/6/26,401,6,25
2016/6/26,112,6,25
2016/6/26,409,6,25
2016/6/26,36,6,25
2016/6/26,24,6,25
2016/6/26,30,6,25
2016/6/26,33,6,25
2016/6/26,25,6,25
2016/6/26,12,6,25
2016/6/26,14,6,25
2016/6/26,16,6,25
2016/6/26,57,6,25
2016/6/26,58,6,25
2016/6/26,214,6,25
2016/6/26,101,6,25
2016/6/26,54,6,25
2016/6/26,152,6,25
2016/6/26,54,6,25
2016/6/26,31,6,25
2016/6/26,37,6,25
2016/6/26,20,6,25
2016/6/26,271,6,25
2016/6/26,305,6,25
2016/6/26,7,6,25
2016/7/2,10,5,26
2016/7/2,24,5,26
2016/7/2,140,5,26
2016/7/2,14,5,26
2016/7/2,13,5,26
2016/7/2,37,5,26
2016/7/2,104,5,26
2016/7/2,58,5,26
2016/7/2,20,5,26
2016/7/3,22,6,26
2016/7/3,51,6,26
2016/7/3,54,6,26
2016/7/3,34,6,26
2016/7/3,24,6,26
2016/7/3,9,6,26
2016/7/3,12,6,26
2016/7/3,17,6,26
2016/7/3,27,6,26
2016/7/3,11,6,26
2016/7/3,12,6,26
2016/7/3,5,6,26
2016/7/9,61,5,27
2016/7/9,6,5,27
2016/7/9,44,5,27
2016/7/9,9,5,27
2016/7/9,55,5,27
2016/7/9,12,5,27
2016/7/9,104,5,27
2016/7/9,101,5,27
2016/7/9,24,5,27
2016/7/9,22,5,27
2016/7/9,52,5,27
2016/7/9,32,5,27
2016/7/9,107,5,27
2016/7/9,4,5,27
2016/7/9,20,5,27
2016/7/9,246,5,27
2016/7/9,53,5,27
2016/7/9,109,5,27
2016/7/9,10,5,27
2016/7/9,205,5,27
2016/7/9,45,5,27
2016/7/9,256,5,27
2016/7/10,53,6,27
2016/7/10,21,6,27
2016/7/10,25,6,27
2016/7/10,10,6,27
2016/7/10,53,6,27
2016/7/10,22,6,27
2016/7/10,14,6,27
2016/7/10,124,6,27
2016/7/10,154,6,27
2016/7/10,82,6,27
2016/7/10,13,6,27
2016/7/10,24,6,27
2016/7/10,31,6,27
2016/7/10,15,6,27
2016/7/10,17,6,27
2016/7/10,41,6,27
2016/7/16,69,5,28
2016/7/16,509,5,28
2016/7/16,13,5,28
2016/7/16,35,5,28
2016/7/16,17,5,28
2016/7/16,43,5,28
2016/7/16,54,5,28
2016/7/16,154,5,28
2016/7/16,80,5,28
2016/7/16,54,5,28
2016/7/16,26,5,28
2016/7/16,109,5,28
2016/7/16,202,5,28
2016/7/16,73,5,28
2016/7/16,140,5,28
2016/7/16,154,5,28
2016/7/16,10,5,28
2016/7/16,6,5,28
2016/7/16,44,5,28
2016/7/16,102,5,28
2016/7/16,55,5,28
2016/7/16,10,5,28
2016/7/16,33,5,28
2016/7/16,104,5,28
2016/7/16,12,5,28
2016/7/16,31,5,28
2016/7/16,3,5,28
2016/7/16,7,5,28
2016/7/16,4,5,28
2016/7/16,14,5,28
2016/7/16,7,5,28
2016/7/16,11,5,28
2016/7/16,23,5,28
2016/7/16,52,5,28
2016/7/16,12,5,28
2016/7/17,10,6,28
2016/7/17,101,6,28
2016/7/17,23,6,28
2016/7/17,107,6,28
2016/7/17,203,6,28
2016/7/17,209,6,28
2016/7/17,13,6,28
2016/7/17,13,6,28
2016/7/17,37,6,28
2016/7/17,57,6,28
2016/7/17,136,6,28
2016/7/17,199,6,28
2016/7/17,38,6,28
2016/7/17,41,6,28
2016/7/17,21,6,28
2016/7/17,33,6,28
2016/7/17,38,6,28
2016/7/17,108,6,28
2016/7/17,21,6,28
2016/7/17,7,6,28
2016/7/17,31,6,28
2016/7/17,155,6,28
2016/7/17,202,6,28
2016/7/17,58,6,28
2016/7/17,36,6,28
2016/7/17,28,6,28
2016/7/23,111,5,29
2016/7/23,192,5,29
2016/7/23,37,5,29
2016/7/23,12,5,29
2016/7/23,96,5,29
2016/7/23,52,5,29
2016/7/23,18,5,29
2016/7/23,4,5,29
2016/7/23,10,5,29
2016/7/23,103,5,29
2016/7/23,75,5,29
2016/7/23,35,5,29
2016/7/23,29,5,29
2016/7/23,64,5,29
2016/7/23,15,5,29
2016/7/23,38,5,29
2016/7/23,84,5,29
2016/7/23,30,5,29
2016/7/23,22,5,29
2016/7/23,106,5,29
2016/7/23,27,5,29
2016/7/23,52,5,29
2016/7/23,21,5,29
2016/7/23,118,5,29
2016/7/23,408,5,29
2016/7/24,129,6,29
2016/7/24,337,6,29
2016/7/24,242,6,29
2016/7/24,49,6,29
2016/7/24,371,6,29
2016/7/24,32,6,29
2016/7/24,12,6,29
2016/7/24,209,6,29
2016/7/24,153,6,29
2016/7/24,5,6,29
2016/7/24,28,6,29
2016/7/24,17,6,29
2016/7/24,17,6,29
2016/7/24,26,6,29
2016/7/24,19,6,29
2016/7/24,48,6,29
2016/7/24,11,6,29
2016/7/24,56,6,29
2016/7/24,51,6,29
2016/7/30,28,5,30
2016/7/30,50,5,30
2016/7/30,3,5,30
2016/7/30,61,5,30
2016/7/30,132,5,30
2016/7/30,36,5,30
2016/7/30,56,5,30
2016/7/30,9,5,30
2016/7/30,28,5,30
2016/7/30,14,5,30
2016/7/30,540,5,30
2016/7/30,111,5,30
2016/7/30,53,5,30
2016/7/30,44,5,30
2016/7/30,18,5,30
2016/7/30,101,5,30
2016/7/30,103,5,30
2016/7/30,131,5,30
2016/7/30,4,5,30
2016/7/30,4,5,30
2016/7/30,6,5,30
2016/7/30,9,5,30
2016/7/30,16,5,30
2016/7/30,7,5,30
2016/7/30,22,5,30
2016/7/30,6,5,30
2016/7/30,15,5,30
2016/7/30,5,5,30
2016/7/30,9,5,30
2016/7/30,29,5,30
2016/7/30,100,5,30
2016/7/30,11,5,30
2016/7/30,9,5,30
2016/7/31,12,6,30
2016/7/31,26,6,30
2016/7/31,509,6,30
2016/7/31,52,6,30
2016/7/31,56,6,30
2016/7/31,213,6,30
2016/7/31,87,6,30
2016/7/31,201,6,30
2016/7/31,262,6,30
2016/7/31,208,6,30
2016/7/31,58,6,30
2016/7/31,46,6,30
2016/7/31,51,6,30
2016/7/31,12,6,30
2016/7/31,283,6,30
2016/7/31,16,6,30
2016/7/31,14,6,30
2016/7/31,8,6,30
2016/7/31,63,6,30
2016/7/31,33,6,30
2016/7/31,54,6,30
2016/7/31,39,6,30
2016/7/31,51,6,30
2016/7/31,56,6,30
2016/7/31,151,6,30
2016/7/31,502,6,30
2016/7/31,53,6,30
2016/7/31,1008,6,30
2016/7/31,14,6,30
2016/7/31,14,6,30
2016/8/6,52,5,31
2016/8/6,108,5,31
2016/8/6,29,5,31
2016/8/6,207,5,31
2016/8/6,9,5,31
2016/8/6,56,5,31
2016/8/6,56,5,31
2016/8/6,33,5,31
2016/8/6,13,5,31
2016/8/6,66,5,31
2016/8/6,86,5,31
2016/8/6,84,5,31
2016/8/6,24,5,31
2016/8/6,58,5,31
2016/8/6,18,5,31
2016/8/6,10,5,31
2016/8/6,8,5,31
2016/8/6,29,5,31
2016/8/6,52,5,31
2016/8/6,9,5,31
2016/8/6,7,5,31
2016/8/6,3,5,31
2016/8/6,69,5,31
2016/8/6,53,5,31
2016/8/6,24,5,31
2016/8/6,102,5,31
2016/8/6,131,5,31
2016/8/6,124,5,31
2016/8/6,55,5,31
2016/8/6,43,5,31
2016/8/6,4,5,31
2016/8/6,109,5,31
2016/8/6,86,5,31
2016/8/6,108,5,31
2016/8/6,52,5,31
2016/8/6,10,5,31
2016/8/6,1101,5,31
2016/8/6,21,5,31
2016/8/6,9,5,31
2016/8/7,9,6,31
2016/8/7,21,6,31
2016/8/7,105,6,31
2016/8/7,55,6,31
2016/8/7,123,6,31
2016/8/7,51,6,31
2016/8/7,31,6,31
2016/8/7,9,6,31
2016/8/7,9,6,31
2016/8/7,11,6,31
2016/8/7,400,6,31
2016/8/7,65,6,31
2016/8/7,38,6,31
2016/8/7,23,6,31
2016/8/7,27,6,31
2016/8/7,204,6,31
2016/8/7,51,6,31
2016/8/7,29,6,31
2016/8/7,108,6,31
2016/8/7,55,6,31
2016/8/13,63,5,32
2016/8/13,10,5,32
2016/8/13,143,5,32
2016/8/13,109,5,32
2016/8/13,11,5,32
2016/8/13,68,5,32
2016/8/13,25,5,32
2016/8/13,56,5,32
2016/8/13,18,5,32
2016/8/13,46,5,32
2016/8/13,4,5,32
2016/8/13,18,5,32
2016/8/13,129,5,32
2016/8/13,14,5,32
2016/8/13,16,5,32
2016/8/13,15,5,32
2016/8/13,15,5,32
2016/8/13,21,5,32
2016/8/13,46,5,32
2016/8/13,18,5,32
2016/8/13,8,5,32
2016/8/13,16,5,32
2016/8/13,5,5,32
2016/8/13,21,5,32
2016/8/13,243,5,32
2016/8/13,1628,5,32
2016/8/13,33,5,32
2016/8/13,61,5,32
2016/8/13,104,5,32
2016/8/13,35,5,32
2016/8/13,106,5,32
2016/8/13,21,5,32
2016/8/13,88,5,32
2016/8/13,19,5,32
2016/8/13,8,5,32
2016/8/13,5,5,32
2016/8/13,9,5,32
2016/8/13,46,5,32
2016/8/13,97,5,32
2016/8/13,77,5,32
2016/8/13,2,5,32
2016/8/14,18,6,32
2016/8/14,507,6,32
2016/8/14,13,6,32
2016/8/14,19,6,32
2016/8/14,938,6,32
2016/8/14,10,6,32
2016/8/14,126,6,32
2016/8/14,42,6,32
2016/8/14,12,6,32
2016/8/14,32,6,32
2016/8/14,88,6,32
2016/8/14,5,6,32
2016/8/14,32,6,32
2016/8/14,65,6,32
2016/8/14,202,6,32
2016/8/14,203,6,32
2016/8/14,13,6,32
2016/8/14,21,6,32
2016/8/14,15,6,32
2016/8/14,56,6,32
2016/8/14,58,6,32
2016/8/14,6,6,32
2016/8/14,27,6,32
2016/8/14,28,6,32
2016/8/14,22,6,32
2016/8/14,52,6,32
2016/8/14,134,6,32
2016/8/14,106,6,32
2016/8/14,105,6,32
2016/8/14,57,6,32
2016/8/14,15,6,32
2016/8/14,23,6,32
2016/8/14,253,6,32
2016/8/14,56,6,32
2016/8/14,118,6,32
2016/8/14,260,6,32
2016/8/14,54,6,32
2016/8/14,359,6,32
2016/8/20,56,5,33
2016/8/20,51,5,33
2016/8/20,308,5,33
2016/8/20,72,5,33
2016/8/20,101,5,33
2016/8/20,43,5,33
2016/8/20,15,5,33
2016/8/20,5,5,33
2016/8/20,4,5,33
2016/8/20,10,5,33
2016/8/20,56,5,33
2016/8/20,11,5,33
2016/8/20,227,5,33
2016/8/20,129,5,33
2016/8/20,282,5,33
2016/8/20,24,5,33
2016/8/20,343,5,33
2016/8/20,91,5,33
2016/8/20,7,5,33
2016/8/20,204,5,33
2016/8/20,101,5,33
2016/8/20,152,5,33
2016/8/20,103,5,33
2016/8/20,15,5,33
2016/8/20,21,5,33
2016/8/20,56,5,33
2016/8/20,16,5,33
2016/8/20,41,5,33
2016/8/20,428,5,33
2016/8/20,14,5,33
2016/8/20,106,5,33
2016/8/20,18,5,33
2016/8/20,52,5,33
2016/8/20,35,5,33
2016/8/20,205,5,33
2016/8/20,19,5,33
2016/8/20,29,5,33
2016/8/20,19,5,33
2016/8/20,41,5,33
2016/8/20,55,5,33
2016/8/20,507,5,33
2016/8/21,609,6,33
2016/8/21,31,6,33
2016/8/21,13,6,33
2016/8/21,40,6,33
2016/8/21,29,6,33
2016/8/21,12,6,33
2016/8/21,105,6,33
2016/8/21,1008,6,33
2016/8/21,30,6,33
2016/8/21,52,6,33
2016/8/21,103,6,33
2016/8/21,54,6,33
2016/8/21,37,6,33
2016/8/21,31,6,33
2016/8/21,18,6,33
2016/8/21,72,6,33
2016/8/21,13,6,33
2016/8/21,9,6,33
2016/8/21,264,6,33
2016/8/21,139,6,33
2016/8/21,17,6,33
2016/8/21,106,6,33
2016/8/21,12,6,33
2016/8/21,22,6,33
2016/8/21,78,6,33
2016/8/21,6,6,33
2016/8/21,24,6,33
2016/8/21,306,6,33
2016/8/21,301,6,33
2016/8/21,37,6,33
2016/8/27,66,5,34
2016/8/27,104,5,34
2016/8/27,25,5,34
2016/8/27,11,5,34
2016/8/27,8,5,34
2016/8/27,13,5,34
2016/8/27,10,5,34
2016/8/27,4,5,34
2016/8/27,5,5,34
2016/8/27,76,5,34
2016/8/27,32,5,34
2016/8/27,24,5,34
2016/8/27,59,5,34
2016/8/27,95,5,34
2016/8/27,47,5,34
2016/8/27,5,5,34
2016/8/27,122,5,34
2016/8/27,93,5,34
2016/8/27,50,5,34
2016/8/27,14,5,34
2016/8/27,433,5,34
2016/8/27,32,5,34
2016/8/27,54,5,34
2016/8/27,20,5,34
2016/8/27,201,5,34
2016/8/27,23,5,34
2016/8/27,19,5,34
2016/8/27,6,5,34
2016/8/27,5,5,34
2016/8/27,105,5,34
2016/8/27,19,5,34
2016/8/27,16,5,34
2016/8/27,32,5,34
2016/8/27,33,5,34
2016/8/27,69,5,34
2016/8/27,22,5,34
2016/8/27,17,5,34
2016/8/27,106,5,34
2016/8/27,606,5,34
2016/8/27,35,5,34
2016/8/27,37,5,34
2016/8/27,106,5,34
2016/8/27,29,5,34
2016/8/27,123,5,34
2016/8/27,28,5,34
2016/8/27,4,5,34
2016/8/27,9,5,34
2016/8/27,29,5,34
2016/8/27,103,5,34
2016/8/27,49,5,34
2016/8/27,206,5,34
2016/8/27,11,5,34
2016/8/27,14,5,34
2016/8/27,102,5,34
2016/8/27,101,5,34
2016/8/27,122,5,34
2016/8/27,107,5,34
2016/8/27,9,5,34
2016/8/27,152,5,34
2016/8/27,7,5,34
2016/8/27,106,5,34
2016/8/27,7,5,34
2016/8/27,8,5,34
2016/8/27,11,5,34
2016/8/27,72,5,34
2016/8/27,497,5,34
2016/8/27,13,5,34
2016/8/27,14,5,34
2016/8/27,206,5,34
2016/8/28,57,6,34
2016/8/28,14,6,34
2016/8/28,8,6,34
2016/8/28,27,6,34
2016/8/28,57,6,34
2016/8/28,5,6,34
2016/8/28,8,6,34
2016/8/28,8,6,34
2016/8/28,16,6,34
2016/8/28,11,6,34
2016/8/28,9,6,34
2016/8/28,5,6,34
2016/8/28,6,6,34
2016/8/28,6,6,34
2016/8/28,6,6,34
2016/8/28,10,6,34
2016/8/28,7,6,34
2016/8/28,6,6,34
2016/8/28,5,6,34
2016/8/28,101,6,34
2016/8/28,8,6,34
2016/8/28,31,6,34
2016/8/28,24,6,34
2016/8/28,128,6,34
2016/8/28,109,6,34
2016/8/28,49,6,34
2016/8/28,8,6,34
2016/8/28,4,6,34
2016/8/28,16,6,34
2016/8/28,2,6,34
2016/8/28,5,6,34
2016/8/28,201,6,34
2016/8/28,59,6,34
2016/8/28,202,6,34
2016/8/28,306,6,34
2016/8/28,7,6,34
2016/8/28,3,6,34
2016/8/28,10,6,34
2016/8/28,7,6,34
2016/8/28,11,6,34
2016/8/28,4,6,34
2016/8/28,5,6,34
2016/8/28,9,6,34
2016/8/28,8,6,34
2016/8/28,11,6,34
2016/8/28,52,6,34
2016/8/28,12,6,34
2016/8/28,10,6,34
2016/8/28,4,6,34
2016/8/28,5,6,34
2016/8/28,146,6,34
2016/8/28,83,6,34
2016/8/28,4,6,34
2016/8/28,4,6,34
2016/8/28,105,6,34
2016/8/28,7,6,34
2016/8/28,309,6,34
2016/8/28,107,6,34
2016/9/3,3,5,35
2016/9/3,38,5,35
2016/9/3,1138,5,35
2016/9/3,5,5,35
2016/9/3,4,5,35
2016/9/3,156,5,35
2016/9/3,16,5,35
2016/9/3,59,5,35
2016/9/3,4,5,35
2016/9/3,16,5,35
2016/9/3,11,5,35
2016/9/3,25,5,35
2016/9/3,13,5,35
2016/9/3,88,5,35
2016/9/3,208,5,35
2016/9/3,14,5,35
2016/9/3,11,5,35
2016/9/3,31,5,35
2016/9/4,107,6,35
2016/9/4,106,6,35
2016/9/4,32,6,35
2016/9/4,19,6,35
2016/9/4,80,6,35
2016/9/4,43,6,35
2016/9/4,77,6,35
2016/9/4,44,6,35
2016/9/4,508,6,35
2016/9/4,19,6,35
2016/9/4,13,6,35
2016/9/4,53,6,35
2016/9/4,8,6,35
2016/9/4,108,6,35
2016/9/4,60,6,35
2016/9/4,53,6,35
2016/9/4,58,6,35
2016/9/10,105,5,36
2016/9/10,40,5,36
2016/9/10,46,5,36
2016/9/10,1490,5,36
2016/9/10,19,5,36
2016/9/10,45,5,36
2016/9/10,22,5,36
2016/9/10,58,5,36
2016/9/10,87,5,36
2016/9/10,46,5,36
2016/9/10,13,5,36
2016/9/10,7,5,36
2016/9/10,37,5,36
2016/9/10,24,5,36
2016/9/10,37,5,36
2016/9/10,25,5,36
2016/9/10,46,5,36
2016/9/10,132,5,36
2016/9/10,6,5,36
2016/9/10,48,5,36
2016/9/10,58,5,36
2016/9/10,308,5,36
2016/9/10,208,5,36
2016/9/10,107,5,36
2016/9/10,13,5,36
2016/9/10,45,5,36
2016/9/10,10,5,36
2016/9/10,12,5,36
2016/9/10,9,5,36
2016/9/10,102,5,36
2016/9/10,203,5,36
2016/9/10,255,5,36
2016/9/10,89,5,36
2016/9/10,71,5,36
2016/9/10,38,5,36
2016/9/10,10,5,36
2016/9/10,7,5,36
2016/9/10,8,5,36
2016/9/10,72,5,36
2016/9/10,84,5,36
2016/9/11,51,6,36
2016/9/11,42,6,36
2016/9/11,19,6,36
2016/9/11,58,6,36
2016/9/11,9,6,36
2016/9/11,32,6,36
2016/9/11,57,6,36
2016/9/11,22,6,36
2016/9/11,204,6,36
2016/9/11,31,6,36
2016/9/11,427,6,36
2016/9/11,32,6,36
2016/9/11,257,6,36
2016/9/11,34,6,36
2016/9/11,10,6,36
2016/9/11,105,6,36
2016/9/11,67,6,36
2016/9/11,285,6,36
2016/9/11,108,6,36
2016/9/11,913,6,36
2016/9/11,148,6,36
2016/9/11,29,6,36
2016/9/11,11,6,36
2016/9/11,12,6,36
2016/9/11,39,6,36
2016/9/11,7,6,36
2016/9/11,207,6,36
2016/9/11,571,6,36
2016/9/11,307,6,36
2016/9/11,408,6,36
2016/9/11,17,6,36
2016/9/11,51,6,36
2016/9/11,52,6,36
2016/9/11,101,6,36
2016/9/11,508,6,36
2016/9/11,184,6,36
2016/9/11,202,6,36
2016/9/11,79,6,36
2016/9/11,10,6,36
2016/9/11,35,6,36
2016/9/11,27,6,36
2016/9/11,109,6,36
2016/9/11,8,6,36
2016/9/11,54,6,36
2016/9/11,18,6,36
2016/9/17,104,5,37
2016/9/17,20,5,37
2016/9/17,8,5,37
2016/9/17,72,5,37
2016/9/17,232,5,37
2016/9/17,23,5,37
2016/9/17,189,5,37
2016/9/17,359,5,37
2016/9/17,12,5,37
2016/9/17,45,5,37
2016/9/17,27,5,37
2016/9/17,17,5,37
2016/9/17,137,5,37
2016/9/17,83,5,37
2016/9/17,161,5,37
2016/9/17,53,5,37
2016/9/17,9,5,37
2016/9/17,10,5,37
2016/9/17,66,5,37
2016/9/17,209,5,37
2016/9/17,23,5,37
2016/9/17,807,5,37
2016/9/17,452,5,37
2016/9/17,31,5,37
2016/9/17,39,5,37
2016/9/17,106,5,37
2016/9/17,608,5,37
2016/9/17,24,5,37
2016/9/17,501,5,37
2016/9/18,5,6,37
2016/9/18,31,6,37
2016/9/18,38,6,37
2016/9/18,24,6,37
2016/9/18,256,6,37
2016/9/18,381,6,37
2016/9/18,43,6,37
2016/9/18,72,6,37
2016/9/18,84,6,37
2016/9/18,2005,6,37
2016/9/18,58,6,37
2016/9/18,39,6,37
2016/9/18,18,6,37
2016/9/18,83,6,37
2016/9/18,882,6,37
2016/9/18,13,6,37
2016/9/18,108,6,37
2016/9/18,43,6,37
2016/9/18,62,6,37
2016/9/18,157,6,37
2016/9/18,204,6,37
2016/9/18,19,6,37
2016/9/18,11,6,37
2016/9/18,11,6,37
2016/9/18,3,6,37
2016/9/18,26,6,37
2016/9/18,207,6,37
2016/9/18,307,6,37
2016/9/18,108,6,37
2016/9/18,57,6,37
2016/9/18,31,6,37
2016/9/18,403,6,37
2016/9/18,35,6,37
2016/9/18,525,6,37
2016/9/18,7,6,37
2016/9/24,46,5,38
2016/9/24,7,5,38
2016/9/24,144,5,38
2016/9/24,17,5,38
2016/9/24,56,5,38
2016/9/24,143,5,38
2016/9/24,66,5,38
2016/9/24,88,5,38
2016/9/24,364,5,38
2016/9/24,105,5,38
2016/9/24,11,5,38
2016/9/24,203,5,38
2016/9/24,10,5,38
2016/9/24,86,5,38
2016/9/24,12,5,38
2016/9/24,11,5,38
2016/9/24,79,5,38
2016/9/24,232,5,38
2016/9/24,420,5,38
2016/9/24,14,5,38
2016/9/24,21,5,38
2016/9/24,102,5,38
2016/9/24,58,5,38
2016/9/24,17,5,38
2016/9/24,22,5,38
2016/9/24,19,5,38
2016/9/24,6,5,38
2016/9/24,7,5,38
2016/9/24,1209,5,38
2016/9/24,8,5,38
2016/9/24,56,5,38
2016/9/24,6,5,38
2016/9/25,55,6,38
2016/9/25,50,6,38
2016/9/25,171,6,38
2016/9/25,219,6,38
2016/9/25,49,6,38
2016/9/25,24,6,38
2016/9/25,520,6,38
2016/9/25,59,6,38
2016/9/25,27,6,38
2016/9/25,37,6,38
2016/9/25,42,6,38
2016/9/25,34,6,38
2016/9/25,107,6,38
2016/9/25,29,6,38
2016/9/25,51,6,38
2016/9/25,16,6,38
2016/9/25,84,6,38
2016/9/25,12,6,38
2016/9/25,154,6,38
2016/9/25,28,6,38
2016/9/25,23,6,38
2016/9/25,333,6,38
2016/9/25,34,6,38
2016/9/25,148,6,38
2016/9/25,213,6,38
2016/9/25,52,6,38
2016/9/25,207,6,38
2016/9/25,79,6,38
2016/9/25,25,6,38
2016/9/25,244,6,38
2016/9/25,108,6,38
2016/9/25,121,6,38
2016/9/25,286,6,38
2016/9/25,104,6,38
2016/10/1,263,5,39
2016/10/1,53,5,39
2016/10/1,17,5,39
2016/10/1,29,5,39
2016/10/1,153,5,39
2016/10/1,12,5,39
2016/10/1,154,5,39
2016/10/1,58,5,39
2016/10/1,356,5,39
2016/10/1,313,5,39
2016/10/1,49,5,39
2016/10/1,404,5,39
2016/10/1,121,5,39
2016/10/1,161,5,39
2016/10/1,108,5,39
2016/10/1,155,5,39
2016/10/1,102,5,39
2016/10/1,40,5,39
2016/10/1,20,5,39
2016/10/1,123,5,39
2016/10/1,156,5,39
2016/10/1,1160,5,39
2016/10/1,57,5,39
2016/10/1,204,5,39
2016/10/1,47,5,39
2016/10/2,153,6,39
2016/10/2,99,6,39
2016/10/2,90,6,39
2016/10/2,42,6,39
2016/10/2,52,6,39
2016/10/2,16,6,39
2016/10/2,18,6,39
2016/10/2,39,6,39
2016/10/2,506,6,39
2016/10/2,237,6,39
2016/10/2,56,6,39
2016/10/2,55,6,39
2016/10/2,149,6,39
2016/10/2,19,6,39
2016/10/2,737,6,39
2016/10/2,13,6,39
2016/10/2,292,6,39
2016/10/2,146,6,39
2016/10/2,28,6,39
2016/10/2,43,6,39
2016/10/2,224,6,39
2016/10/2,43,6,39
2016/10/2,31,6,39
2016/10/2,19,6,39
2016/10/2,6,6,39
2016/10/2,105,6,39
2016/10/2,13,6,39
2016/10/2,109,6,39
2016/10/2,26,6,39
2016/10/2,205,6,39
2016/10/2,34,6,39
2016/10/8,10,5,40
2016/10/8,1573,5,40
2016/10/8,418,5,40
2016/10/8,8,5,40
2016/10/8,6,5,40
2016/10/8,23,5,40
2016/10/8,27,5,40
2016/10/8,1008,5,40
2016/10/8,25,5,40
2016/10/8,212,5,40
2016/10/8,38,5,40
2016/10/8,27,5,40
2016/10/8,93,5,40
2016/10/8,5,5,40
2016/10/8,56,5,40
2016/10/8,13,5,40
2016/10/8,503,5,40
2016/10/8,4,5,40
2016/10/8,2,5,40
2016/10/8,54,5,40
2016/10/8,777,5,40
2016/10/8,2,5,40
2016/10/8,251,5,40
2016/10/8,101,5,40
2016/10/8,22,5,40
2016/10/8,103,5,40
2016/10/8,157,5,40
2016/10/8,19,5,40
2016/10/8,21,5,40
2016/10/8,959,5,40
2016/10/8,81,5,40
2016/10/8,44,5,40
2016/10/8,13,5,40
2016/10/8,11,5,40
2016/10/8,9,5,40
2016/10/8,172,5,40
2016/10/8,5,5,40
2016/10/8,6,5,40
2016/10/8,55,5,40
2016/10/8,153,5,40
2016/10/8,18,5,40
2016/10/8,438,5,40
2016/10/8,25,5,40
2016/10/8,805,5,40
2016/10/8,17,5,40
2016/10/8,13,5,40
2016/10/9,127,6,40
2016/10/9,136,6,40
2016/10/9,156,6,40
2016/10/9,14,6,40
2016/10/9,9,6,40
2016/10/9,67,6,40
2016/10/9,107,6,40
2016/10/9,16,6,40
2016/10/9,5,6,40
2016/10/9,149,6,40
2016/10/9,7,6,40
2016/10/9,10,6,40
2016/10/9,3,6,40
2016/10/9,389,6,40
2016/10/9,7,6,40
2016/10/9,6,6,40
2016/10/9,10,6,40
2016/10/9,146,6,40
2016/10/9,58,6,40
2016/10/9,3,6,40
2016/10/9,79,6,40
2016/10/9,55,6,40
2016/10/9,39,6,40
2016/10/9,109,6,40
2016/10/9,14,6,40
2016/10/9,51,6,40
2016/10/9,106,6,40
2016/10/9,157,6,40
2016/10/9,604,6,40
2016/10/9,709,6,40
2016/10/9,23,6,40
2016/10/9,205,6,40
2016/10/9,16,6,40
2016/10/9,17,6,40
2016/10/9,25,6,40
2016/10/9,75,6,40
2016/10/9,39,6,40
2016/10/9,8,6,40
2016/10/9,51,6,40
2016/10/9,152,6,40
2016/10/9,18,6,40
2016/10/9,23,6,40
2016/10/9,18,6,40
2016/10/9,6,6,40
2016/10/9,7,6,40
2016/10/9,16,6,40
2016/10/9,12,6,40
2016/10/9,9,6,40
2016/10/9,357,6,40
2016/10/9,56,6,40
2016/10/9,61,6,40
2016/10/9,105,6,40
2016/10/9,11,6,40
2016/10/9,12,6,40
2016/10/9,6,6,40
2016/10/9,28,6,40
2016/10/9,8,6,40
2016/10/9,29,6,40
2016/10/15,1123,5,41
2016/10/15,82,5,41
2016/10/15,56,5,41
2016/10/15,49,5,41
2016/10/15,93,5,41
2016/10/15,56,5,41
2016/10/15,227,5,41
2016/10/15,53,5,41
2016/10/15,184,5,41
2016/10/15,152,5,41
2016/10/15,105,5,41
2016/10/15,505,5,41
2016/10/15,89,5,41
2016/10/15,98,5,41
2016/10/15,27,5,41
2016/10/15,127,5,41
2016/10/15,303,5,41
2016/10/15,57,5,41
2016/10/15,62,5,41
2016/10/15,663,5,41
2016/10/15,9,5,41
2016/10/15,188,5,41
2016/10/15,1456,5,41
2016/10/15,112,5,41
2016/10/15,9,5,41
2016/10/15,3,5,41
2016/10/15,39,5,41
2016/10/15,21,5,41
2016/10/15,17,5,41
2016/10/15,5,5,41
2016/10/15,36,5,41
2016/10/15,7,5,41
2016/10/15,81,5,41
2016/10/15,44,5,41
2016/10/15,9,5,41
2016/10/15,507,5,41
2016/10/15,22,5,41
2016/10/15,48,5,41
2016/10/15,63,5,41
2016/10/15,23,5,41
2016/10/15,7,5,41
2016/10/15,31,5,41
2016/10/15,17,5,41
2016/10/15,13,5,41
2016/10/16,155,6,41
2016/10/16,33,6,41
2016/10/16,199,6,41
2016/10/16,149,6,41
2016/10/16,19,6,41
2016/10/16,123,6,41
2016/10/16,97,6,41
2016/10/16,52,6,41
2016/10/16,230,6,41
2016/10/16,64,6,41
2016/10/16,276,6,41
2016/10/16,23,6,41
2016/10/16,68,6,41
2016/10/16,182,6,41
2016/10/16,224,6,41
2016/10/16,119,6,41
2016/10/16,32,6,41
2016/10/16,56,6,41
2016/10/16,87,6,41
2016/10/16,240,6,41
2016/10/16,11,6,41
2016/10/16,10,6,41
2016/10/16,13,6,41
2016/10/16,27,6,41
2016/10/16,103,6,41
2016/10/16,12,6,41
2016/10/16,37,6,41
2016/10/16,66,6,41
2016/10/16,12,6,41
2016/10/16,53,6,41
2016/10/16,7,6,41
2016/10/22,34,5,42
2016/10/22,83,5,42
2016/10/22,3,5,42
2016/10/22,147,5,42
2016/10/22,135,5,42
2016/10/22,19,5,42
2016/10/22,34,5,42
2016/10/22,35,5,42
2016/10/22,292,5,42
2016/10/22,87,5,42
2016/10/22,304,5,42
2016/10/22,105,5,42
2016/10/22,185,5,42
2016/10/22,8,5,42
2016/10/22,11,5,42
2016/10/22,7,5,42
2016/10/22,16,5,42
2016/10/22,35,5,42
2016/10/22,51,5,42
2016/10/22,55,5,42
2016/10/22,24,5,42
2016/10/22,8,5,42
2016/10/22,157,5,42
2016/10/22,13,5,42
2016/10/22,307,5,42
2016/10/22,29,5,42
2016/10/22,29,5,42
2016/10/23,222,6,42
2016/10/23,28,6,42
2016/10/23,22,6,42
2016/10/23,66,6,42
2016/10/23,36,6,42
2016/10/23,782,6,42
2016/10/23,213,6,42
2016/10/23,417,6,42
2016/10/23,209,6,42
2016/10/23,635,6,42
2016/10/23,57,6,42
2016/10/23,903,6,42
2016/10/23,66,6,42
2016/10/23,14,6,42
2016/10/23,5,6,42
2016/10/23,273,6,42
2016/10/23,97,6,42
2016/10/23,86,6,42
2016/10/23,102,6,42
2016/10/23,169,6,42
2016/10/23,69,6,42
2016/10/23,162,6,42
2016/10/23,306,6,42
2016/10/23,201,6,42
2016/10/23,329,6,42
2016/10/23,33,6,42
2016/10/23,56,6,42
2016/10/23,23,6,42
2016/10/23,105,6,42
2016/10/23,78,6,42
2016/10/23,14,6,42
2016/10/23,51,6,42
2016/10/23,27,6,42
2016/10/23,103,6,42
2016/10/29,63,5,43
2016/10/29,54,5,43
2016/10/29,20,5,43
2016/10/29,518,5,43
2016/10/29,14,5,43
2016/10/29,85,5,43
2016/10/29,680,5,43
2016/10/29,18,5,43
2016/10/29,141,5,43
2016/10/29,9,5,43
2016/10/29,42,5,43
2016/10/29,10,5,43
2016/10/29,207,5,43
2016/10/29,108,5,43
2016/10/29,58,5,43
2016/10/29,143,5,43
2016/10/29,35,5,43
2016/10/29,1133,5,43
2016/10/29,84,5,43
2016/10/29,93,5,43
2016/10/29,28,5,43
2016/10/29,276,5,43
2016/10/29,47,5,43
2016/10/29,59,5,43
2016/10/29,52,5,43
2016/10/29,308,5,43
2016/10/29,10,5,43
2016/10/29,91,5,43
2016/10/29,12,5,43
2016/10/29,203,5,43
2016/10/29,39,5,43
2016/10/29,19,5,43
2016/10/29,156,5,43
2016/10/29,56,5,43
2016/10/29,63,5,43
2016/10/29,62,5,43
2016/10/29,44,5,43
2016/10/29,202,5,43
2016/10/29,28,5,43
2016/10/29,201,5,43
2016/10/29,19,5,43
2016/10/29,7,5,43
2016/10/29,59,5,43
2016/10/29,501,5,43
2016/10/29,37,5,43
2016/10/29,89,5,43
2016/10/29,51,5,43
2016/10/29,132,5,43
2016/10/29,12,5,43
2016/10/29,307,5,43
2016/10/29,19,5,43
2016/10/30,104,6,43
2016/10/30,25,6,43
2016/10/30,1545,6,43
2016/10/30,46,6,43
2016/10/30,22,6,43
2016/10/30,18,6,43
2016/10/30,170,6,43
2016/10/30,7,6,43
2016/10/30,13,6,43
2016/10/30,48,6,43
2016/10/30,504,6,43
2016/10/30,189,6,43
2016/10/30,232,6,43
2016/10/30,10,6,43
2016/10/30,11,6,43
2016/10/30,304,6,43
2016/10/30,5,6,43
2016/10/30,168,6,43
2016/10/30,613,6,43
2016/10/30,22,6,43
2016/10/30,57,6,43
2016/10/30,39,6,43
2016/10/30,61,6,43
2016/10/30,394,6,43
2016/10/30,191,6,43
2016/10/30,264,6,43
2016/10/30,504,6,43
2016/10/30,45,6,43
2016/10/30,9,6,43
2016/10/30,107,6,43
2016/10/30,44,6,43
2016/10/30,44,6,43
2016/10/30,48,6,43
2016/10/30,36,6,43
2016/10/30,300,6,43
2016/10/30,32,6,43
2016/10/30,67,6,43
2016/10/30,588,6,43
2016/10/30,45,6,43
2016/10/30,33,6,43
2016/10/30,13,6,43
2016/10/30,103,6,43
2016/10/30,36,6,43
2016/10/30,64,6,43
2016/10/30,82,6,43
2016/10/30,157,6,43
2016/10/30,102,6,43
2016/10/30,32,6,43
2016/10/30,104,6,43
2016/10/30,35,6,43
2016/10/30,31,6,43
2016/10/30,25,6,43
2016/10/30,156,6,43
2016/10/30,44,6,43
2016/10/30,4,6,43
2016/10/30,204,6,43
2016/11/5,201,5,44
2016/11/5,15,5,44
2016/11/5,27,5,44
2016/11/5,33,5,44
2016/11/5,12,5,44
2016/11/5,31,5,44
2016/11/5,26,5,44
2016/11/5,55,5,44
2016/11/5,49,5,44
2016/11/5,156,5,44
2016/11/5,57,5,44
2016/11/5,89,5,44
2016/11/5,343,5,44
2016/11/5,14,5,44
2016/11/5,263,5,44
2016/11/5,6,5,44
2016/11/5,417,5,44
2016/11/5,505,5,44
2016/11/5,107,5,44
2016/11/5,43,5,44
2016/11/5,30,5,44
2016/11/5,7,5,44
2016/11/5,63,5,44
2016/11/5,17,5,44
2016/11/5,15,5,44
2016/11/5,601,5,44
2016/11/5,37,5,44
2016/11/5,435,5,44
2016/11/5,21,5,44
2016/11/5,107,5,44
2016/11/5,5,5,44
2016/11/5,99,5,44
2016/11/5,34,5,44
2016/11/5,55,5,44
2016/11/5,52,5,44
2016/11/5,8,5,44
2016/11/5,12,5,44
2016/11/5,54,5,44
2016/11/5,26,5,44
2016/11/5,102,5,44
2016/11/5,32,5,44
2016/11/5,202,5,44
2016/11/6,308,6,44
2016/11/6,103,6,44
2016/11/6,56,6,44
2016/11/6,63,6,44
2016/11/6,53,6,44
2016/11/6,16,6,44
2016/11/6,8,6,44
2016/11/6,53,6,44
2016/11/6,104,6,44
2016/11/6,55,6,44
2016/11/6,608,6,44
2016/11/6,115,6,44
2016/11/6,38,6,44
2016/11/6,39,6,44
2016/11/6,10,6,44
2016/11/6,16,6,44
2016/11/6,207,6,44
2016/11/6,52,6,44
2016/11/6,19,6,44
2016/11/6,16,6,44
2016/11/6,104,6,44
2016/11/6,100,6,44
2016/11/6,35,6,44
2016/11/6,13,6,44
2016/11/6,49,6,44
2016/11/6,604,6,44
2016/11/6,103,6,44
2016/11/6,102,6,44
2016/11/6,286,6,44
2016/11/6,49,6,44
2016/11/6,10,6,44
2016/11/6,39,6,44
2016/11/6,35,6,44
2016/11/6,19,6,44
2016/11/6,101,6,44
2016/11/6,207,6,44
2016/11/6,21,6,44
2016/11/6,12,6,44
2016/11/6,17,6,44
2016/11/6,54,6,44
2016/11/6,8,6,44
2016/11/6,55,6,44
2016/11/6,202,6,44
2016/11/6,56,6,44
2016/11/6,38,6,44
2016/11/6,831,6,44
2016/11/6,101,6,44
2016/11/12,503,5,45
2016/11/12,4,5,45
2016/11/12,4,5,45
2016/11/12,29,5,45
2016/11/12,11,5,45
2016/11/12,83,5,45
2016/11/12,256,5,45
2016/11/12,108,5,45
2016/11/12,11,5,45
2016/11/12,106,5,45
2016/11/12,18,5,45
2016/11/12,7,5,45
2016/11/12,7,5,45
2016/11/12,402,5,45
2016/11/12,87,5,45
2016/11/12,109,5,45
2016/11/12,67,5,45
2016/11/12,38,5,45
2016/11/12,29,5,45
2016/11/12,18,5,45
2016/11/12,116,5,45
2016/11/12,13,5,45
2016/11/12,34,5,45
2016/11/12,57,5,45
2016/11/12,31,5,45
2016/11/12,101,5,45
2016/11/12,106,5,45
2016/11/12,101,5,45
2016/11/12,104,5,45
2016/11/12,37,5,45
2016/11/12,12,5,45
2016/11/12,108,5,45
2016/11/12,108,5,45
2016/11/13,16,6,45
2016/11/13,222,6,45
2016/11/13,71,6,45
2016/11/13,10,6,45
2016/11/13,54,6,45
2016/11/13,41,6,45
2016/11/13,72,6,45
2016/11/13,46,6,45
2016/11/13,25,6,45
2016/11/13,19,6,45
2016/11/13,14,6,45
2016/11/13,18,6,45
2016/11/13,49,6,45
2016/11/13,57,6,45
2016/11/13,34,6,45
2016/11/13,17,6,45
2016/11/13,263,6,45
2016/11/13,88,6,45
2016/11/13,203,6,45
2016/11/13,305,6,45
2016/11/13,37,6,45
2016/11/13,9,6,45
2016/11/13,105,6,45
2016/11/13,24,6,45
2016/11/13,108,6,45
2016/11/13,64,6,45
2016/11/13,68,6,45
2016/11/13,32,6,45
2016/11/13,35,6,45
2016/11/13,58,6,45
2016/11/13,65,6,45
2016/11/13,5,6,45
2016/11/13,94,6,45
2016/11/19,11,5,46
2016/11/19,171,5,46
2016/11/19,25,5,46
2016/11/19,18,5,46
2016/11/19,13,5,46
2016/11/19,50,5,46
2016/11/19,56,5,46
2016/11/19,5,5,46
2016/11/19,4,5,46
2016/11/19,55,5,46
2016/11/19,54,5,46
2016/11/19,206,5,46
2016/11/19,157,5,46
2016/11/19,23,5,46
2016/11/19,15,5,46
2016/11/19,57,5,46
2016/11/19,8,5,46
2016/11/19,101,5,46
2016/11/19,23,5,46
2016/11/19,14,5,46
2016/11/19,124,5,46
2016/11/19,309,5,46
2016/11/19,272,5,46
2016/11/19,19,5,46
2016/11/19,59,5,46
2016/11/19,30,5,46
2016/11/19,231,5,46
2016/11/19,101,5,46
2016/11/19,11,5,46
2016/11/19,46,5,46
2016/11/19,3172,5,46
2016/11/19,6,5,46
2016/11/19,24,5,46
2016/11/19,63,5,46
2016/11/19,697,5,46
2016/11/19,11,5,46
2016/11/19,34,5,46
2016/11/19,13,5,46
2016/11/19,13,5,46
2016/11/19,151,5,46
2016/11/19,108,5,46
2016/11/19,40,5,46
2016/11/19,103,5,46
2016/11/19,24,5,46
2016/11/19,23,5,46
2016/11/19,59,5,46
2016/11/19,25,5,46
2016/11/19,9,5,46
2016/11/19,8,5,46
2016/11/20,106,6,46
2016/11/20,97,6,46
2016/11/20,408,6,46
2016/11/20,156,6,46
2016/11/20,18,6,46
2016/11/20,18,6,46
2016/11/20,36,6,46
2016/11/20,66,6,46
2016/11/20,34,6,46
2016/11/20,46,6,46
2016/11/20,59,6,46
2016/11/20,18,6,46
2016/11/20,73,6,46
2016/11/20,59,6,46
2016/11/20,32,6,46
2016/11/20,19,6,46
2016/11/20,57,6,46
2016/11/20,39,6,46
2016/11/20,10,6,46
2016/11/20,20,6,46
2016/11/20,209,6,46
2016/11/20,51,6,46
2016/11/20,37,6,46
2016/11/20,23,6,46
2016/11/20,303,6,46
2016/11/20,100,6,46
2016/11/20,30,6,46
2016/11/20,254,6,46
2016/11/20,401,6,46
2016/11/26,4,5,47
2016/11/26,10,5,47
2016/11/26,7,5,47
2016/11/26,10,5,47
2016/11/26,7,5,47
2016/11/26,12,5,47
2016/11/26,23,5,47
2016/11/26,10,5,47
2016/11/26,39,5,47
2016/11/26,2,5,47
2016/11/26,9,5,47
2016/11/26,7,5,47
2016/11/26,10,5,47
2016/11/26,58,5,47
2016/11/26,36,5,47
2016/11/26,205,5,47
2016/11/26,23,5,47
2016/11/26,24,5,47
2016/11/26,6,5,47
2016/11/26,277,5,47
2016/11/26,144,5,47
2016/11/26,68,5,47
2016/11/26,5,5,47
2016/11/26,10,5,47
2016/11/26,5,5,47
2016/11/26,87,5,47
2016/11/26,65,5,47
2016/11/26,171,5,47
2016/11/26,5,5,47
2016/11/26,91,5,47
2016/11/26,5,5,47
2016/11/26,62,5,47
2016/11/26,116,5,47
2016/11/26,54,5,47
2016/11/26,66,5,47
2016/11/26,10,5,47
2016/11/26,6,5,47
2016/11/26,11,5,47
2016/11/26,18,5,47
2016/11/26,4,5,47
2016/11/26,2,5,47
2016/11/26,6,5,47
2016/11/26,19,5,47
2016/11/26,7,5,47
2016/11/26,7,5,47
2016/11/26,10,5,47
2016/11/26,17,5,47
2016/11/26,112,5,47
2016/11/26,5,5,47
2016/11/26,10,5,47
2016/11/26,9,5,47
2016/11/26,17,5,47
2016/11/26,15,5,47
2016/11/26,10,5,47
2016/11/26,13,5,47
2016/11/26,2,5,47
2016/11/26,13,5,47
2016/11/26,24,5,47
2016/11/26,44,5,47
2016/11/26,7,5,47
2016/11/26,55,5,47
2016/11/26,12,5,47
2016/11/26,19,5,47
2016/11/26,37,5,47
2016/11/26,157,5,47
2016/11/26,188,5,47
2016/11/26,10,5,47
2016/11/26,17,5,47
2016/11/26,2,5,47
2016/11/26,5,5,47
2016/11/26,9,5,47
2016/11/26,10,5,47
2016/11/26,8,5,47
2016/11/26,2,5,47
2016/11/26,3,5,47
2016/11/27,53,6,47
2016/11/27,59,6,47
2016/11/27,158,6,47
2016/11/27,81,6,47
2016/11/27,154,6,47
2016/11/27,30,6,47
2016/11/27,54,6,47
2016/11/27,10,6,47
2016/11/27,6,6,47
2016/11/27,8,6,47
2016/11/27,63,6,47
2016/11/27,302,6,47
2016/11/27,108,6,47
2016/11/27,41,6,47
2016/11/27,306,6,47
2016/11/27,141,6,47
2016/11/27,29,6,47
2016/11/27,15,6,47
2016/11/27,25,6,47
2016/11/27,6,6,47
2016/11/27,30,6,47
2016/11/27,10,6,47
2016/11/27,59,6,47
2016/11/27,16,6,47
2016/11/27,107,6,47
2016/12/3,58,5,48
2016/12/3,71,5,48
2016/12/3,11,5,48
2016/12/3,515,5,48
2016/12/3,108,5,48
2016/12/3,24,5,48
2016/12/3,109,5,48
2016/12/3,14,5,48
2016/12/3,82,5,48
2016/12/3,203,5,48
2016/12/3,77,5,48
2016/12/3,17,5,48
2016/12/3,105,5,48
2016/12/3,37,5,48
2016/12/3,11,5,48
2016/12/3,28,5,48
2016/12/3,178,5,48
2016/12/3,159,5,48
2016/12/3,7,5,48
2016/12/3,16,5,48
2016/12/3,148,5,48
2016/12/3,56,5,48
2016/12/3,37,5,48
2016/12/3,12,5,48
2016/12/3,36,5,48
2016/12/3,10,5,48
2016/12/3,61,5,48
2016/12/3,205,5,48
2016/12/3,21,5,48
2016/12/3,16,5,48
2016/12/3,21,5,48
2016/12/3,14,5,48
2016/12/3,203,5,48
2016/12/3,20,5,48
2016/12/3,252,5,48
2016/12/3,83,5,48
2016/12/3,7,5,48
2016/12/3,65,5,48
2016/12/3,94,5,48
2016/12/3,8,5,48
2016/12/3,159,5,48
2016/12/4,106,6,48
2016/12/4,273,6,48
2016/12/4,38,6,48
2016/12/4,7,6,48
2016/12/4,188,6,48
2016/12/4,26,6,48
2016/12/4,118,6,48
2016/12/4,29,6,48
2016/12/4,32,6,48
2016/12/4,139,6,48
2016/12/4,109,6,48
2016/12/4,83,6,48
2016/12/4,97,6,48
2016/12/4,47,6,48
2016/12/4,503,6,48
2016/12/4,11,6,48
2016/12/4,153,6,48
2016/12/4,106,6,48
2016/12/4,28,6,48
2016/12/4,304,6,48
2016/12/4,53,6,48
2016/12/4,31,6,48
2016/12/4,12,6,48
2016/12/4,22,6,48
2016/12/4,503,6,48
2016/12/4,102,6,48
2016/12/4,107,6,48
2016/12/4,14,6,48
2016/12/4,202,6,48
2016/12/4,108,6,48
2016/12/4,520,6,48
2016/12/4,104,6,48
2016/12/4,151,6,48
2016/12/4,108,6,48
2016/12/4,204,6,48
2016/12/4,68,6,48
2016/12/4,102,6,48
2016/12/4,35,6,48
2016/12/10,29,5,49
2016/12/10,17,5,49
2016/12/10,107,5,49
2016/12/10,29,5,49
2016/12/10,81,5,49
2016/12/10,6,5,49
2016/12/10,16,5,49
2016/12/10,15,5,49
2016/12/10,563,5,49
2016/12/10,14,5,49
2016/12/10,441,5,49
2016/12/10,70,5,49
2016/12/10,12,5,49
2016/12/10,61,5,49
2016/12/10,41,5,49
2016/12/10,7,5,49
2016/12/10,10,5,49
2016/12/10,28,5,49
2016/12/10,14,5,49
2016/12/10,55,5,49
2016/12/10,106,5,49
2016/12/10,11,5,49
2016/12/10,24,5,49
2016/12/10,258,5,49
2016/12/10,1859,5,49
2016/12/10,208,5,49
2016/12/10,102,5,49
2016/12/10,34,5,49
2016/12/10,24,5,49
2016/12/11,104,6,49
2016/12/11,103,6,49
2016/12/11,28,6,49
2016/12/11,20,6,49
2016/12/11,38,6,49
2016/12/11,25,6,49
2016/12/11,29,6,49
2016/12/11,107,6,49
2016/12/11,49,6,49
2016/12/11,55,6,49
2016/12/11,151,6,49
2016/12/11,507,6,49
2016/12/11,25,6,49
2016/12/11,17,6,49
2016/12/11,35,6,49
2016/12/11,68,6,49
2016/12/11,17,6,49
2016/12/11,91,6,49
2016/12/11,53,6,49
2016/12/11,162,6,49
2016/12/11,36,6,49
2016/12/11,103,6,49
2016/12/11,4,6,49
2016/12/11,60,6,49
2016/12/11,28,6,49
2016/12/11,106,6,49
2016/12/11,11,6,49
2016/12/11,203,6,49
2016/12/11,39,6,49
2016/12/11,222,6,49
2016/12/11,103,6,49
2016/12/11,59,6,49
2016/12/11,83,6,49
2016/12/11,57,6,49
2016/12/11,35,6,49
2016/12/11,15,6,49
2016/12/11,21,6,49
2016/12/11,53,6,49
2016/12/11,10,6,49
2016/12/11,5,6,49
2016/12/11,27,6,49
2016/12/11,22,6,49
2016/12/11,31,6,49
2016/12/11,25,6,49
2016/12/11,31,6,49
2016/12/11,27,6,49
2016/12/11,18,6,49
2016/12/11,12,6,49
2016/12/17,189,5,50
2016/12/17,503,5,50
2016/12/17,7,5,50
2016/12/17,28,5,50
2016/12/17,417,5,50
2016/12/17,26,5,50
2016/12/17,101,5,50
2016/12/17,611,5,50
2016/12/17,506,5,50
2016/12/17,15,5,50
2016/12/17,505,5,50
2016/12/17,13,5,50
2016/12/17,11,5,50
2016/12/17,29,5,50
2016/12/17,61,5,50
2016/12/17,61,5,50
2016/12/17,102,5,50
2016/12/17,95,5,50
2016/12/17,57,5,50
2016/12/17,202,5,50
2016/12/17,82,5,50
2016/12/17,52,5,50
2016/12/17,109,5,50
2016/12/17,152,5,50
2016/12/17,11,5,50
2016/12/17,7,5,50
2016/12/17,7,5,50
2016/12/17,10,5,50
2016/12/17,13,5,50
2016/12/17,16,5,50
2016/12/17,10,5,50
2016/12/17,11,5,50
2016/12/17,832,5,50
2016/12/17,453,5,50
2016/12/17,39,5,50
2016/12/17,207,5,50
2016/12/17,201,5,50
2016/12/17,206,5,50
2016/12/17,62,5,50
2016/12/18,128,6,50
2016/12/18,57,6,50
2016/12/18,1008,6,50
2016/12/18,64,6,50
2016/12/18,311,6,50
2016/12/18,44,6,50
2016/12/18,202,6,50
2016/12/18,628,6,50
2016/12/18,36,6,50
2016/12/18,81,6,50
2016/12/18,43,6,50
2016/12/18,5,6,50
2016/12/18,8,6,50
2016/12/18,75,6,50
2016/12/18,134,6,50
2016/12/18,55,6,50
2016/12/18,74,6,50
2016/12/18,140,6,50
2016/12/18,208,6,50
2016/12/18,207,6,50
2016/12/18,21,6,50
2016/12/18,37,6,50
2016/12/18,137,6,50
2016/12/18,71,6,50
2016/12/18,96,6,50
2016/12/18,57,6,50
2016/12/18,101,6,50
2016/12/18,25,6,50
2016/12/18,9,6,50
2016/12/18,55,6,50
2016/12/18,52,6,50
2016/12/18,15,6,50
2016/12/18,32,6,50
2016/12/18,55,6,50
2016/12/18,56,6,50
2016/12/18,11,6,50
2016/12/18,33,6,50
2016/12/18,19,6,50
2016/12/18,109,6,50
2016/12/18,31,6,50
2016/12/18,54,6,50
2016/12/18,49,6,50
2016/12/24,32,5,51
2016/12/24,56,5,51
2016/12/24,102,5,51
2016/12/24,173,5,51
2016/12/24,35,5,51
2016/12/24,44,5,51
2016/12/24,5,5,51
2016/12/24,8,5,51
2016/12/24,6,5,51
2016/12/24,5,5,51
2016/12/24,3,5,51
2016/12/24,13,5,51
2016/12/24,16,5,51
2016/12/24,10,5,51
2016/12/24,7,5,51
2016/12/24,8,5,51
2016/12/24,5,5,51
2016/12/24,6,5,51
2016/12/24,89,5,51
2016/12/24,95,5,51
2016/12/24,4,5,51
2016/12/24,59,5,51
2016/12/24,7,5,51
2016/12/24,6,5,51
2016/12/24,103,5,51
2016/12/24,34,5,51
2016/12/24,328,5,51
2016/12/24,3,5,51
2016/12/24,6,5,51
2016/12/24,32,5,51
2016/12/24,104,5,51
2016/12/24,1102,5,51
2016/12/24,5,5,51
2016/12/24,6,5,51
2016/12/24,2,5,51
2016/12/24,4,5,51
2016/12/24,23,5,51
2016/12/24,7,5,51
2016/12/24,6,5,51
2016/12/24,108,5,51
2016/12/24,11,5,51
2016/12/24,9,5,51
2016/12/24,8,5,51
2016/12/24,126,5,51
2016/12/24,18,5,51
2016/12/24,14,5,51
2016/12/24,25,5,51
2016/12/24,9,5,51
2016/12/24,31,5,51
2016/12/24,16,5,51
2016/12/24,116,5,51
2016/12/24,18,5,51
2016/12/24,1787,5,51
2016/12/24,53,5,51
2016/12/24,4,5,51
2016/12/24,6,5,51
2016/12/24,6,5,51
2016/12/24,3,5,51
2016/12/24,13,5,51
2016/12/24,11,5,51
2016/12/24,10,5,51
2016/12/24,10,5,51
2016/12/24,9,5,51
2016/12/24,8,5,51
2016/12/24,61,5,51
2016/12/24,9,5,51
2016/12/24,255,5,51
2016/12/24,104,5,51
2016/12/24,9,5,51
2016/12/24,3,5,51
2016/12/24,5,5,51
2016/12/24,8,5,51
2016/12/24,7,5,51
2016/12/24,2,5,51
2016/12/24,8,5,51
2016/12/24,9,5,51
2016/12/24,10,5,51
2016/12/24,10,5,51
2016/12/24,10,5,51
2016/12/24,67,5,51
2016/12/24,4,5,51
2016/12/24,46,5,51
2016/12/24,206,5,51
2016/12/24,4,5,51
2016/12/24,4,5,51
2016/12/24,8,5,51
2016/12/24,3,5,51
2016/12/24,43,5,51
2016/12/24,10,5,51
2016/12/24,5,5,51
2016/12/24,2,5,51
2016/12/24,4,5,51
2016/12/24,6,5,51
2016/12/24,10,5,51
2016/12/24,51,5,51
2016/12/24,52,5,51
2016/12/24,84,5,51
2016/12/24,33,5,51
2016/12/24,25,5,51
2016/12/24,8,5,51
2016/12/24,7,5,51
2016/12/24,14,5,51
2016/12/24,106,5,51
2016/12/24,7,5,51
2016/12/25,44,6,51
2016/12/25,505,6,51
2016/12/25,35,6,51
2016/12/25,58,6,51
2016/12/25,34,6,51
2016/12/25,82,6,51
2016/12/25,108,6,51
2016/12/25,41,6,51
2016/12/25,45,6,51
2016/12/25,525,6,51
2016/12/25,32,6,51
2016/12/25,17,6,51
2016/12/25,3,6,51
2016/12/25,19,6,51
2016/12/25,55,6,51
2016/12/25,13,6,51
2016/12/25,26,6,51
2016/12/25,13,6,51
2016/12/25,71,6,51
2016/12/25,101,6,51
2016/12/25,104,6,51
2016/12/25,37,6,51
2016/12/25,408,6,51
2016/12/25,158,6,51
2016/12/25,101,6,51
2016/12/25,90,6,51
2016/12/25,23,6,51
2016/12/25,20,6,51
2016/12/25,29,6,51
2016/12/25,13,6,51
2016/12/25,65,6,51
2016/12/25,12,6,51
2016/12/25,23,6,51
2016/12/25,51,6,51
2016/12/25,54,6,51
2016/12/25,27,6,51
2016/12/25,55,6,51
2016/12/25,201,6,51
2016/12/25,126,6,51
2016/12/25,24,6,51
2016/12/25,18,6,51
