2018/1/6,21,5,1
2018/1/6,230,5,1
2018/1/6,66,5,1
2018/1/6,13,5,1
2018/1/6,18,5,1
2018/1/6,6,5,1
2018/1/6,7,5,1
2018/1/6,7,5,1
2018/1/6,7,5,1
2018/1/6,9,5,1
2018/1/6,56,5,1
2018/1/6,17,5,1
2018/1/6,206,5,1
2018/1/6,2,5,1
2018/1/6,9,5,1
2018/1/6,14,5,1
2018/1/6,54,5,1
2018/1/6,24,5,1
2018/1/6,102,5,1
2018/1/6,32,5,1
2018/1/6,14,5,1
2018/1/6,14,5,1
2018/1/6,103,5,1
2018/1/6,108,5,1
2018/1/6,305,5,1
2018/1/6,205,5,1
2018/1/6,57,5,1
2018/1/6,71,5,1
2018/1/6,98,5,1
2018/1/6,135,5,1
2018/1/6,18,5,1
2018/1/6,56,5,1
2018/1/6,84,5,1
2018/1/6,27,5,1
2018/1/6,12,5,1
2018/1/6,109,5,1
2018/1/6,24,5,1
2018/1/6,108,5,1
2018/1/6,31,5,1
2018/1/6,8,5,1
2018/1/6,59,5,1
2018/1/6,7,5,1
2018/1/6,104,5,1
2018/1/6,107,5,1
2018/1/6,29,5,1
2018/1/6,58,5,1
2018/1/6,88,5,1
2018/1/6,11,5,1
2018/1/6,202,5,1
2018/1/6,9,5,1
2018/1/6,36,5,1
2018/1/6,23,5,1
2018/1/6,102,5,1
2018/1/6,85,5,1
2018/1/6,52,5,1
2018/1/6,155,5,1
2018/1/6,82,5,1
2018/1/6,9,5,1
2018/1/6,14,5,1
2018/1/6,25,5,1
2018/1/6,101,5,1
2018/1/6,32,5,1
2018/1/6,403,5,1
2018/1/6,203,5,1
2018/1/6,377,5,1
2018/1/6,11,5,1
2018/1/6,42,5,1
2018/1/6,17,5,1
2018/1/6,208,5,1
2018/1/6,102,5,1
2018/1/6,73,5,1
2018/1/6,37,5,1
2018/1/6,13,5,1
2018/1/6,53,5,1
2018/1/6,239,5,1
2018/1/6,204,5,1
2018/1/6,47,5,1
2018/1/6,17,5,1
2018/1/6,156,5,1
2018/1/6,76,5,1
2018/1/6,223,5,1
2018/1/6,407,5,1
2018/1/6,167,5,1
2018/1/6,10,5,1
2018/1/6,1039,5,1
2018/1/6,21,5,1
2018/1/6,25,5,1
2018/1/6,196,5,1
2018/1/6,5,5,1
2018/1/6,103,5,1
2018/1/6,31,5,1
2018/1/6,39,5,1
2018/1/7,154,6,1
2018/1/7,41,6,1
2018/1/7,39,6,1
2018/1/7,54,6,1
2018/1/7,24,6,1
2018/1/7,106,6,1
2018/1/7,303,6,1
2018/1/7,23,6,1
2018/1/7,252,6,1
2018/1/7,307,6,1
2018/1/7,69,6,1
2018/1/7,7,6,1
2018/1/7,16,6,1
2018/1/7,40,6,1
2018/1/7,59,6,1
2018/1/7,28,6,1
2018/1/7,37,6,1
2018/1/7,308,6,1
2018/1/7,11,6,1
2018/1/7,97,6,1
2018/1/7,205,6,1
2018/1/7,265,6,1
2018/1/7,36,6,1
2018/1/7,3,6,1
2018/1/7,181,6,1
2018/1/7,129,6,1
2018/1/7,53,6,1
2018/1/7,12,6,1
2018/1/7,508,6,1
2018/1/7,126,6,1
2018/1/7,47,6,1
2018/1/7,10,6,1
2018/1/7,44,6,1
2018/1/7,296,6,1
2018/1/7,107,6,1
2018/1/7,98,6,1
2018/1/7,80,6,1
2018/1/7,12,6,1
2018/1/7,232,6,1
2018/1/7,82,6,1
2018/1/7,508,6,1
2018/1/7,31,6,1
2018/1/7,18,6,1
2018/1/7,54,6,1
2018/1/7,31,6,1
2018/1/7,51,6,1
2018/1/7,28,6,1
2018/1/7,23,6,1
2018/1/7,53,6,1
2018/1/7,527,6,1
2018/1/7,72,6,1
2018/1/7,28,6,1
2018/1/7,88,6,1
2018/1/7,64,6,1
2018/1/7,558,6,1
2018/1/7,6,6,1
2018/1/7,55,6,1
2018/1/7,251,6,1
2018/1/7,443,6,1
2018/1/7,38,6,1
2018/1/7,107,6,1
2018/1/7,33,6,1
2018/1/7,124,6,1
2018/1/7,18,6,1
2018/1/7,309,6,1
2018/1/7,141,6,1
2018/1/7,33,6,1
2018/1/7,202,6,1
2018/1/7,158,6,1
2018/1/7,7,6,1
2018/1/7,35,6,1
2018/1/7,309,6,1
2018/1/7,25,6,1
2018/1/7,13,6,1
2018/1/7,306,6,1
2018/1/7,53,6,1
2018/1/7,32,6,1
2018/1/7,14,6,1
2018/1/7,31,6,1
2018/1/7,11,6,1
2018/1/7,760,6,1
2018/1/7,156,6,1
2018/1/7,252,6,1
2018/1/7,205,6,1
2018/1/13,16,5,2
2018/1/13,54,5,2
2018/1/13,19,5,2
2018/1/13,22,5,2
2018/1/13,303,5,2
2018/1/13,116,5,2
2018/1/13,198,5,2
2018/1/13,29,5,2
2018/1/13,133,5,2
2018/1/13,52,5,2
2018/1/13,301,5,2
2018/1/13,154,5,2
2018/1/13,209,5,2
2018/1/13,13,5,2
2018/1/13,61,5,2
2018/1/13,9,5,2
2018/1/13,9,5,2
2018/1/13,10,5,2
2018/1/13,4,5,2
2018/1/13,1022,5,2
2018/1/13,21,5,2
2018/1/13,34,5,2
2018/1/13,35,5,2
2018/1/13,406,5,2
2018/1/13,91,5,2
2018/1/13,57,5,2
2018/1/13,190,5,2
2018/1/13,24,5,2
2018/1/13,10,5,2
2018/1/13,202,5,2
2018/1/13,4,5,2
2018/1/13,51,5,2
2018/1/13,410,5,2
2018/1/13,10,5,2
2018/1/13,310,5,2
2018/1/13,17,5,2
2018/1/13,3,5,2
2018/1/13,2,5,2
2018/1/13,64,5,2
2018/1/13,291,5,2
2018/1/13,102,5,2
2018/1/13,14,5,2
2018/1/13,312,5,2
2018/1/13,201,5,2
2018/1/13,208,5,2
2018/1/13,33,5,2
2018/1/13,12,5,2
2018/1/13,58,5,2
2018/1/13,660,5,2
2018/1/13,31,5,2
2018/1/13,201,5,2
2018/1/13,252,5,2
2018/1/13,302,5,2
2018/1/13,36,5,2
2018/1/13,27,5,2
2018/1/13,40,5,2
2018/1/13,306,5,2
2018/1/13,58,5,2
2018/1/13,202,5,2
2018/1/13,208,5,2
2018/1/13,8,5,2
2018/1/13,5,5,2
2018/1/13,11,5,2
2018/1/13,55,5,2
2018/1/13,309,5,2
2018/1/13,81,5,2
2018/1/13,304,5,2
2018/1/13,191,5,2
2018/1/13,11,5,2
2018/1/13,51,5,2
2018/1/13,103,5,2
2018/1/13,92,5,2
2018/1/13,65,5,2
2018/1/13,6,5,2
2018/1/13,19,5,2
2018/1/13,266,5,2
2018/1/13,22,5,2
2018/1/13,3,5,2
2018/1/13,16,5,2
2018/1/13,51,5,2
2018/1/13,24,5,2
2018/1/13,16,5,2
2018/1/13,30,5,2
2018/1/13,23,5,2
2018/1/13,6,5,2
2018/1/13,11,5,2
2018/1/13,25,5,2
2018/1/13,105,5,2
2018/1/13,20,5,2
2018/1/13,103,5,2
2018/1/13,4,5,2
2018/1/13,15,5,2
2018/1/13,145,5,2
2018/1/13,452,5,2
2018/1/13,54,5,2
2018/1/13,10,5,2
2018/1/13,96,5,2
2018/1/13,115,5,2
2018/1/13,46,5,2
2018/1/14,303,6,2
2018/1/14,45,6,2
2018/1/14,19,6,2
2018/1/14,504,6,2
2018/1/14,69,6,2
2018/1/14,31,6,2
2018/1/14,182,6,2
2018/1/14,37,6,2
2018/1/14,172,6,2
2018/1/14,203,6,2
2018/1/14,56,6,2
2018/1/14,92,6,2
2018/1/14,33,6,2
2018/1/14,29,6,2
2018/1/14,208,6,2
2018/1/14,12,6,2
2018/1/14,95,6,2
2018/1/14,307,6,2
2018/1/14,20,6,2
2018/1/14,27,6,2
2018/1/14,22,6,2
2018/1/14,208,6,2
2018/1/14,751,6,2
2018/1/14,154,6,2
2018/1/14,152,6,2
2018/1/14,32,6,2
2018/1/14,33,6,2
2018/1/14,203,6,2
2018/1/14,109,6,2
2018/1/14,56,6,2
2018/1/14,524,6,2
2018/1/14,13,6,2
2018/1/14,101,6,2
2018/1/14,18,6,2
2018/1/14,37,6,2
2018/1/14,338,6,2
2018/1/14,26,6,2
2018/1/14,8,6,2
2018/1/14,228,6,2
2018/1/14,83,6,2
2018/1/14,42,6,2
2018/1/14,25,6,2
2018/1/14,17,6,2
2018/1/14,59,6,2
2018/1/14,65,6,2
2018/1/14,242,6,2
2018/1/14,58,6,2
2018/1/14,176,6,2
2018/1/14,8,6,2
2018/1/14,205,6,2
2018/1/14,11,6,2
2018/1/14,259,6,2
2018/1/14,59,6,2
2018/1/14,85,6,2
2018/1/14,103,6,2
2018/1/14,14,6,2
2018/1/14,5,6,2
2018/1/14,108,6,2
2018/1/14,7,6,2
2018/1/14,8,6,2
2018/1/14,206,6,2
2018/1/14,24,6,2
2018/1/14,106,6,2
2018/1/14,46,6,2
2018/1/14,9,6,2
2018/1/14,12,6,2
2018/1/14,38,6,2
2018/1/14,16,6,2
2018/1/14,40,6,2
2018/1/14,43,6,2
2018/1/14,37,6,2
2018/1/14,309,6,2
2018/1/14,538,6,2
2018/1/14,95,6,2
2018/1/14,50,6,2
2018/1/14,67,6,2
2018/1/14,190,6,2
2018/1/14,305,6,2
2018/1/14,57,6,2
2018/1/20,26,5,3
2018/1/20,103,5,3
2018/1/20,41,5,3
2018/1/20,1043,5,3
2018/1/20,617,5,3
2018/1/20,159,5,3
2018/1/20,22,5,3
2018/1/20,13,5,3
2018/1/20,203,5,3
2018/1/20,21,5,3
2018/1/20,205,5,3
2018/1/20,307,5,3
2018/1/20,62,5,3
2018/1/20,63,5,3
2018/1/20,6,5,3
2018/1/20,10,5,3
2018/1/20,109,5,3
2018/1/20,12,5,3
2018/1/20,71,5,3
2018/1/20,46,5,3
2018/1/20,48,5,3
2018/1/20,309,5,3
2018/1/20,37,5,3
2018/1/20,398,5,3
2018/1/20,32,5,3
2018/1/20,29,5,3
2018/1/20,244,5,3
2018/1/20,467,5,3
2018/1/20,166,5,3
2018/1/20,52,5,3
2018/1/20,4,5,3
2018/1/20,5,5,3
2018/1/20,19,5,3
2018/1/20,159,5,3
2018/1/20,13,5,3
2018/1/20,25,5,3
2018/1/20,21,5,3
2018/1/20,102,5,3
2018/1/20,5,5,3
2018/1/20,11,5,3
2018/1/20,23,5,3
2018/1/20,5,5,3
2018/1/20,57,5,3
2018/1/20,17,5,3
2018/1/20,108,5,3
2018/1/20,126,5,3
2018/1/20,16,5,3
2018/1/20,6,5,3
2018/1/20,72,5,3
2018/1/20,18,5,3
2018/1/20,16,5,3
2018/1/20,338,5,3
2018/1/20,16,5,3
2018/1/20,37,5,3
2018/1/20,38,5,3
2018/1/21,20,6,3
2018/1/21,17,6,3
2018/1/21,99,6,3
2018/1/21,554,6,3
2018/1/21,120,6,3
2018/1/21,57,6,3
2018/1/21,153,6,3
2018/1/21,225,6,3
2018/1/21,251,6,3
2018/1/21,39,6,3
2018/1/21,151,6,3
2018/1/21,83,6,3
2018/1/21,103,6,3
2018/1/21,4,6,3
2018/1/21,109,6,3
2018/1/21,101,6,3
2018/1/21,12,6,3
2018/1/21,6,6,3
2018/1/21,2,6,3
2018/1/21,87,6,3
2018/1/21,86,6,3
2018/1/21,104,6,3
2018/1/21,69,6,3
2018/1/21,27,6,3
2018/1/21,8,6,3
2018/1/21,209,6,3
2018/1/21,757,6,3
2018/1/21,26,6,3
2018/1/21,202,6,3
2018/1/21,452,6,3
2018/1/21,273,6,3
2018/1/21,8,6,3
2018/1/21,3,6,3
2018/1/21,49,6,3
2018/1/21,74,6,3
2018/1/21,46,6,3
2018/1/21,39,6,3
2018/1/21,148,6,3
2018/1/21,106,6,3
2018/1/21,864,6,3
2018/1/21,5,6,3
2018/1/21,7,6,3
2018/1/21,13,6,3
2018/1/21,503,6,3
2018/1/21,227,6,3
2018/1/21,59,6,3
2018/1/21,197,6,3
2018/1/21,32,6,3
2018/1/21,11,6,3
2018/1/21,9,6,3
2018/1/21,458,6,3
2018/1/21,47,6,3
2018/1/21,209,6,3
2018/1/21,203,6,3
2018/1/21,3,6,3
2018/1/21,11,6,3
2018/1/27,16,5,4
2018/1/27,16,5,4
2018/1/27,14,5,4
2018/1/27,47,5,4
2018/1/27,25,5,4
2018/1/27,304,5,4
2018/1/27,6,5,4
2018/1/27,8,5,4
2018/1/27,4,5,4
2018/1/27,13,5,4
2018/1/27,27,5,4
2018/1/27,46,5,4
2018/1/27,8,5,4
2018/1/27,136,5,4
2018/1/27,31,5,4
2018/1/27,4,5,4
2018/1/27,59,5,4
2018/1/27,15,5,4
2018/1/27,10,5,4
2018/1/27,2,5,4
2018/1/27,19,5,4
2018/1/27,18,5,4
2018/1/27,4,5,4
2018/1/27,456,5,4
2018/1/27,3,5,4
2018/1/27,16,5,4
2018/1/27,1101,5,4
2018/1/27,5,5,4
2018/1/27,5,5,4
2018/1/27,9,5,4
2018/1/27,10,5,4
2018/1/27,103,5,4
2018/1/27,10,5,4
2018/1/27,2,5,4
2018/1/27,49,5,4
2018/1/27,5,5,4
2018/1/27,11,5,4
2018/1/27,6,5,4
2018/1/27,9,5,4
2018/1/27,13,5,4
2018/1/27,6,5,4
2018/1/27,9,5,4
2018/1/27,10,5,4
2018/1/27,48,5,4
2018/1/27,10,5,4
2018/1/27,4,5,4
2018/1/27,53,5,4
2018/1/27,10,5,4
2018/1/27,6,5,4
2018/1/27,9,5,4
2018/1/27,47,5,4
2018/1/28,30,6,4
2018/1/28,33,6,4
2018/1/28,4,6,4
2018/1/28,297,6,4
2018/1/28,18,6,4
2018/1/28,146,6,4
2018/1/28,12,6,4
2018/1/28,150,6,4
2018/1/28,36,6,4
2018/1/28,25,6,4
2018/1/28,9,6,4
2018/1/28,5,6,4
2018/1/28,106,6,4
2018/1/28,289,6,4
2018/1/28,11,6,4
2018/1/28,153,6,4
2018/1/28,304,6,4
2018/1/28,35,6,4
2018/1/28,29,6,4
2018/1/28,55,6,4
2018/1/28,9,6,4
2018/1/28,10,6,4
2018/1/28,6,6,4
2018/1/28,59,6,4
2018/1/28,21,6,4
2018/2/3,17,5,5
2018/2/3,9,5,5
2018/2/3,7,5,5
2018/2/3,9,5,5
2018/2/3,263,5,5
2018/2/3,11,5,5
2018/2/3,55,5,5
2018/2/3,296,5,5
2018/2/3,157,5,5
2018/2/3,25,5,5
2018/2/3,4,5,5
2018/2/3,13,5,5
2018/2/3,552,5,5
2018/2/3,204,5,5
2018/2/3,6,5,5
2018/2/3,31,5,5
2018/2/3,11,5,5
2018/2/3,109,5,5
2018/2/3,807,5,5
2018/2/3,43,5,5
2018/2/3,136,5,5
2018/2/3,87,5,5
2018/2/3,231,5,5
2018/2/3,144,5,5
2018/2/3,202,5,5
2018/2/3,8,5,5
2018/2/3,141,5,5
2018/2/3,273,5,5
2018/2/3,67,5,5
2018/2/3,305,5,5
2018/2/3,84,5,5
2018/2/3,1505,5,5
2018/2/3,14,5,5
2018/2/3,7,5,5
2018/2/3,14,5,5
2018/2/3,36,5,5
2018/2/3,16,5,5
2018/2/3,9,5,5
2018/2/3,34,5,5
2018/2/3,17,5,5
2018/2/3,3,5,5
2018/2/3,57,5,5
2018/2/3,15,5,5
2018/2/3,39,5,5
2018/2/3,151,5,5
2018/2/3,2696,5,5
2018/2/3,3,5,5
2018/2/3,303,5,5
2018/2/3,142,5,5
2018/2/3,8,5,5
2018/2/3,103,5,5
2018/2/3,9,5,5
2018/2/3,8,5,5
2018/2/3,88,5,5
2018/2/3,77,5,5
2018/2/3,6,5,5
2018/2/4,16,6,5
2018/2/4,24,6,5
2018/2/4,12,6,5
2018/2/4,55,6,5
2018/2/4,9,6,5
2018/2/4,15,6,5
2018/2/4,83,6,5
2018/2/4,309,6,5
2018/2/4,67,6,5
2018/2/4,190,6,5
2018/2/4,206,6,5
2018/2/4,209,6,5
2018/2/4,104,6,5
2018/2/4,22,6,5
2018/2/4,91,6,5
2018/2/4,57,6,5
2018/2/4,12,6,5
2018/2/4,284,6,5
2018/2/4,465,6,5
2018/2/4,51,6,5
2018/2/4,55,6,5
2018/2/4,12,6,5
2018/2/4,205,6,5
2018/2/4,31,6,5
2018/2/4,8,6,5
2018/2/4,121,6,5
2018/2/4,16,6,5
2018/2/4,299,6,5
2018/2/4,486,6,5
2018/2/4,402,6,5
2018/2/4,1005,6,5
2018/2/10,5,5,6
2018/2/10,8,5,6
2018/2/10,3,5,6
2018/2/10,664,5,6
2018/2/10,16,5,6
2018/2/10,6,5,6
2018/2/10,103,5,6
2018/2/10,608,5,6
2018/2/10,202,5,6
2018/2/10,267,5,6
2018/2/10,16,5,6
2018/2/10,10,5,6
2018/2/10,8,5,6
2018/2/10,166,5,6
2018/2/10,108,5,6
2018/2/10,217,5,6
2018/2/10,39,5,6
2018/2/11,48,6,6
2018/2/11,76,6,6
2018/2/11,191,6,6
2018/2/11,10,6,6
2018/2/24,14,5,8
2018/2/24,52,5,8
2018/2/24,55,5,8
2018/2/24,12,5,8
2018/2/24,11,5,8
2018/2/24,31,5,8
2018/2/24,10,5,8
2018/2/24,29,5,8
2018/2/24,9,5,8
2018/2/24,56,5,8
2018/2/24,61,5,8
2018/2/24,13,5,8
2018/2/24,63,5,8
2018/2/24,25,5,8
2018/2/24,107,5,8
2018/2/24,8,5,8
2018/2/24,185,5,8
2018/2/24,7,5,8
2018/2/24,3,5,8
2018/2/24,107,5,8
2018/2/24,24,5,8
2018/2/24,149,5,8
2018/2/24,6,5,8
2018/2/24,104,5,8
2018/2/24,40,5,8
2018/2/24,7,5,8
2018/2/24,25,5,8
2018/2/24,7,5,8
2018/2/24,49,5,8
2018/2/24,25,5,8
2018/2/24,15,5,8
2018/2/24,15,5,8
2018/2/24,45,5,8
2018/2/24,19,5,8
2018/2/24,8,5,8
2018/2/24,7,5,8
2018/2/24,6,5,8
2018/2/24,6,5,8
2018/2/24,202,5,8
2018/2/24,307,5,8
2018/2/24,5,5,8
2018/2/24,16,5,8
2018/2/24,11,5,8
2018/2/24,27,5,8
2018/2/24,6,5,8
2018/2/24,15,5,8
2018/2/24,9,5,8
2018/2/24,8,5,8
2018/2/24,7,5,8
2018/2/24,5,5,8
2018/2/24,3,5,8
2018/2/24,7,5,8
2018/2/24,9,5,8
2018/2/24,3,5,8
2018/2/24,7,5,8
2018/2/24,48,5,8
2018/2/24,56,5,8
2018/2/24,27,5,8
2018/2/24,3,5,8
2018/2/24,6,5,8
2018/2/24,8,5,8
2018/2/24,109,5,8
2018/2/24,85,5,8
2018/2/24,11,5,8
2018/2/24,5,5,8
2018/2/24,14,5,8
2018/2/24,4,5,8
2018/2/25,8,6,8
2018/2/25,402,6,8
2018/2/25,8,6,8
2018/2/25,8,6,8
2018/2/25,17,6,8
2018/2/25,13,6,8
2018/2/25,11,6,8
2018/2/25,8,6,8
2018/2/25,5,6,8
2018/2/25,7,6,8
2018/2/25,32,6,8
2018/2/25,2,6,8
2018/2/25,99,6,8
2018/2/25,55,6,8
2018/2/25,206,6,8
2018/2/25,14,6,8
2018/2/25,74,6,8
2018/2/25,104,6,8
2018/2/25,105,6,8
2018/2/25,22,6,8
2018/2/25,2,6,8
2018/2/25,6,6,8
2018/2/25,5,6,8
2018/2/25,5,6,8
2018/2/25,31,6,8
2018/2/25,14,6,8
2018/2/25,8,6,8
2018/2/25,4,6,8
2018/2/25,12,6,8
2018/2/25,72,6,8
2018/2/25,2,6,8
2018/2/25,4,6,8
2018/2/25,111,6,8
2018/2/25,13,6,8
2018/2/25,9,6,8
2018/2/25,33,6,8
2018/2/25,8,6,8
2018/2/25,9,6,8
2018/2/25,476,6,8
2018/2/25,480,6,8
2018/2/25,133,6,8
2018/2/25,38,6,8
2018/2/25,11,6,8
2018/2/25,7,6,8
2018/2/25,42,6,8
2018/2/25,29,6,8
2018/2/25,2,6,8
2018/2/25,4,6,8
2018/2/25,5,6,8
2018/2/25,5,6,8
2018/2/25,5,6,8
2018/2/25,8,6,8
2018/2/25,2,6,8
2018/2/25,6,6,8
2018/2/25,3,6,8
2018/2/25,29,6,8
2018/2/25,11,6,8
2018/2/25,404,6,8
2018/2/25,37,6,8
2018/2/25,31,6,8
2018/2/25,53,6,8
2018/2/25,24,6,8
2018/2/25,8,6,8
2018/2/25,112,6,8
2018/2/25,1,6,8
2018/2/25,4,6,8
2018/2/25,8,6,8
2018/2/25,9,6,8
2018/2/25,7,6,8
2018/2/25,62,6,8
2018/2/25,9,6,8
2018/2/25,9,6,8
2018/2/25,159,6,8
2018/3/3,53,5,9
2018/3/3,120,5,9
2018/3/3,146,5,9
2018/3/3,24,5,9
2018/3/3,11,5,9
2018/3/3,16,5,9
2018/3/3,56,5,9
2018/3/3,566,5,9
2018/3/3,26,5,9
2018/3/3,1602,5,9
2018/3/3,16,5,9
2018/3/3,45,5,9
2018/3/3,106,5,9
2018/3/3,21,5,9
2018/3/3,49,5,9
2018/3/3,2,5,9
2018/3/3,12,5,9
2018/3/3,29,5,9
2018/3/3,76,5,9
2018/3/3,54,5,9
2018/3/3,19,5,9
2018/3/3,10,5,9
2018/3/3,16,5,9
2018/3/3,26,5,9
2018/3/3,14,5,9
2018/3/3,273,5,9
2018/3/3,6,5,9
2018/3/3,3,5,9
2018/3/3,202,5,9
2018/3/3,7,5,9
2018/3/3,183,5,9
2018/3/3,41,5,9
2018/3/3,109,5,9
2018/3/3,101,5,9
2018/3/3,10,5,9
2018/3/3,103,5,9
2018/3/3,142,5,9
2018/3/3,105,5,9
2018/3/3,283,5,9
2018/3/3,32,5,9
2018/3/3,24,5,9
2018/3/3,25,5,9
2018/3/3,92,5,9
2018/3/3,46,5,9
2018/3/3,17,5,9
2018/3/3,202,5,9
2018/3/3,33,5,9
2018/3/3,19,5,9
2018/3/3,807,5,9
2018/3/3,72,5,9
2018/3/4,119,6,9
2018/3/4,73,6,9
2018/3/4,63,6,9
2018/3/4,68,6,9
2018/3/4,2,6,9
2018/3/4,12,6,9
2018/3/4,52,6,9
2018/3/4,43,6,9
2018/3/4,51,6,9
2018/3/4,8,6,9
2018/3/4,36,6,9
2018/3/4,369,6,9
2018/3/4,22,6,9
2018/3/4,41,6,9
2018/3/4,18,6,9
2018/3/4,103,6,9
2018/3/4,55,6,9
2018/3/4,39,6,9
2018/3/4,58,6,9
2018/3/4,123,6,9
2018/3/4,109,6,9
2018/3/4,69,6,9
2018/3/4,34,6,9
2018/3/4,9,6,9
2018/3/4,5,6,9
2018/3/4,6,6,9
2018/3/4,16,6,9
2018/3/4,101,6,9
2018/3/4,21,6,9
2018/3/4,57,6,9
2018/3/4,6,6,9
2018/3/4,34,6,9
2018/3/4,34,6,9
2018/3/4,13,6,9
2018/3/4,68,6,9
2018/3/4,186,6,9
2018/3/4,14,6,9
2018/3/4,15,6,9
2018/3/4,8,6,9
2018/3/4,29,6,9
2018/3/4,8,6,9
2018/3/4,303,6,9
2018/3/4,6,6,9
2018/3/4,5,6,9
2018/3/4,19,6,9
2018/3/4,182,6,9
2018/3/4,12,6,9
2018/3/4,101,6,9
2018/3/4,52,6,9
2018/3/4,113,6,9
2018/3/4,7,6,9
2018/3/4,30,6,9
2018/3/4,589,6,9
2018/3/4,106,6,9
2018/3/4,18,6,9
2018/3/4,10,6,9
2018/3/4,6,6,9
2018/3/4,26,6,9
2018/3/4,108,6,9
2018/3/4,406,6,9
2018/3/4,503,6,9
2018/3/4,98,6,9
2018/3/4,105,6,9
2018/3/4,357,6,9
2018/3/4,8,6,9
2018/3/4,15,6,9
2018/3/4,101,6,9
2018/3/4,90,6,9
2018/3/4,157,6,9
2018/3/4,79,6,9
2018/3/10,239,5,10
2018/3/10,59,5,10
2018/3/10,51,5,10
2018/3/10,179,5,10
2018/3/10,49,5,10
2018/3/10,29,5,10
2018/3/10,167,5,10
2018/3/10,508,5,10
2018/3/10,5,5,10
2018/3/10,106,5,10
2018/3/10,108,5,10
2018/3/10,71,5,10
2018/3/10,36,5,10
2018/3/10,10,5,10
2018/3/10,28,5,10
2018/3/10,514,5,10
2018/3/10,7,5,10
2018/3/10,420,5,10
2018/3/10,109,5,10
2018/3/10,19,5,10
2018/3/10,6,5,10
2018/3/10,3,5,10
2018/3/10,24,5,10
2018/3/10,30,5,10
2018/3/10,13,5,10
2018/3/10,77,5,10
2018/3/10,505,5,10
2018/3/10,9,5,10
2018/3/10,10,5,10
2018/3/10,5,5,10
2018/3/10,18,5,10
2018/3/10,108,5,10
2018/3/10,5,5,10
2018/3/10,189,5,10
2018/3/10,63,5,10
2018/3/10,107,5,10
2018/3/10,7,5,10
2018/3/10,11,5,10
2018/3/10,4,5,10
2018/3/10,188,5,10
2018/3/10,23,5,10
2018/3/10,6,5,10
2018/3/10,5,5,10
2018/3/10,311,5,10
2018/3/10,36,5,10
2018/3/10,47,5,10
2018/3/11,33,6,10
2018/3/11,308,6,10
2018/3/11,9,6,10
2018/3/11,48,6,10
2018/3/11,25,6,10
2018/3/11,42,6,10
2018/3/11,209,6,10
2018/3/11,291,6,10
2018/3/11,8,6,10
2018/3/11,54,6,10
2018/3/11,83,6,10
2018/3/11,63,6,10
2018/3/11,174,6,10
2018/3/11,31,6,10
2018/3/11,115,6,10
2018/3/11,10,6,10
2018/3/11,2243,6,10
2018/3/11,133,6,10
2018/3/11,302,6,10
2018/3/11,1117,6,10
2018/3/11,86,6,10
2018/3/11,127,6,10
2018/3/11,84,6,10
2018/3/11,64,6,10
2018/3/11,205,6,10
2018/3/11,109,6,10
2018/3/11,102,6,10
2018/3/11,205,6,10
2018/3/11,14,6,10
2018/3/11,7,6,10
2018/3/11,6,6,10
2018/3/11,39,6,10
2018/3/11,12,6,10
2018/3/11,5,6,10
2018/3/11,207,6,10
2018/3/11,10,6,10
2018/3/11,181,6,10
2018/3/11,7,6,10
2018/3/11,89,6,10
2018/3/11,12,6,10
2018/3/17,92,5,11
2018/3/17,11,5,11
2018/3/17,147,5,11
2018/3/17,183,5,11
2018/3/17,98,5,11
2018/3/17,64,5,11
2018/3/17,10,5,11
2018/3/17,58,5,11
2018/3/17,501,5,11
2018/3/17,101,5,11
2018/3/17,11,5,11
2018/3/17,107,5,11
2018/3/17,37,5,11
2018/3/17,69,5,11
2018/3/17,16,5,11
2018/3/17,141,5,11
2018/3/17,32,5,11
2018/3/17,254,5,11
2018/3/17,13,5,11
2018/3/17,37,5,11
2018/3/17,47,5,11
2018/3/17,43,5,11
2018/3/17,87,5,11
2018/3/17,264,5,11
2018/3/17,19,5,11
2018/3/17,11,5,11
2018/3/17,2740,5,11
2018/3/17,181,5,11
2018/3/17,32,5,11
2018/3/17,108,5,11
2018/3/17,72,5,11
2018/3/17,26,5,11
2018/3/17,57,5,11
2018/3/17,53,5,11
2018/3/17,31,5,11
2018/3/17,134,5,11
2018/3/17,1009,5,11
2018/3/17,363,5,11
2018/3/17,109,5,11
2018/3/17,8,5,11
2018/3/17,7,5,11
2018/3/17,5,5,11
2018/3/17,21,5,11
2018/3/17,152,5,11
2018/3/17,48,5,11
2018/3/17,25,5,11
2018/3/17,105,5,11
2018/3/17,5,5,11
2018/3/17,17,5,11
2018/3/17,38,5,11
2018/3/17,5,5,11
2018/3/17,55,5,11
2018/3/17,23,5,11
2018/3/17,59,5,11
2018/3/17,4,5,11
2018/3/17,240,5,11
2018/3/17,10,5,11
2018/3/17,4,5,11
2018/3/17,6,5,11
2018/3/17,20,5,11
2018/3/17,9,5,11
2018/3/17,2,5,11
2018/3/17,7,5,11
2018/3/17,31,5,11
2018/3/17,558,5,11
2018/3/17,68,5,11
2018/3/17,59,5,11
2018/3/18,17,6,11
2018/3/18,71,6,11
2018/3/18,937,6,11
2018/3/18,129,6,11
2018/3/18,207,6,11
2018/3/18,54,6,11
2018/3/18,22,6,11
2018/3/18,102,6,11
2018/3/18,37,6,11
2018/3/18,21,6,11
2018/3/18,1207,6,11
2018/3/18,34,6,11
2018/3/18,19,6,11
2018/3/18,247,6,11
2018/3/18,16,6,11
2018/3/18,14,6,11
2018/3/18,29,6,11
2018/3/18,103,6,11
2018/3/18,83,6,11
2018/3/18,209,6,11
2018/3/18,24,6,11
2018/3/18,104,6,11
2018/3/18,417,6,11
2018/3/18,84,6,11
2018/3/18,20,6,11
2018/3/18,102,6,11
2018/3/18,107,6,11
2018/3/18,107,6,11
2018/3/18,43,6,11
2018/3/18,10,6,11
2018/3/18,6,6,11
2018/3/18,318,6,11
2018/3/18,10,6,11
2018/3/18,158,6,11
2018/3/18,408,6,11
2018/3/18,15,6,11
2018/3/24,8,5,12
2018/3/24,25,5,12
2018/3/24,57,5,12
2018/3/24,3,5,12
2018/3/24,34,5,12
2018/3/24,56,5,12
2018/3/24,154,5,12
2018/3/24,11,5,12
2018/3/24,24,5,12
2018/3/24,9,5,12
2018/3/24,4,5,12
2018/3/24,55,5,12
2018/3/24,27,5,12
2018/3/24,54,5,12
2018/3/24,37,5,12
2018/3/24,48,5,12
2018/3/24,17,5,12
2018/3/24,15,5,12
2018/3/24,266,5,12
2018/3/24,7,5,12
2018/3/24,4,5,12
2018/3/24,72,5,12
2018/3/24,545,5,12
2018/3/24,7,5,12
2018/3/24,89,5,12
2018/3/24,19,5,12
2018/3/24,59,5,12
2018/3/24,16,5,12
2018/3/24,78,5,12
2018/3/24,374,5,12
2018/3/24,63,5,12
2018/3/24,13,5,12
2018/3/24,14,5,12
2018/3/24,4,5,12
2018/3/24,7,5,12
2018/3/24,206,5,12
2018/3/24,10,5,12
2018/3/24,9,5,12
2018/3/24,4,5,12
2018/3/24,6,5,12
2018/3/24,12,5,12
2018/3/24,9,5,12
2018/3/24,37,5,12
2018/3/24,8,5,12
2018/3/24,11,5,12
2018/3/24,5,5,12
2018/3/24,18,5,12
2018/3/24,19,5,12
2018/3/24,61,5,12
2018/3/24,39,5,12
2018/3/24,8,5,12
2018/3/24,32,5,12
2018/3/24,54,5,12
2018/3/24,32,5,12
2018/3/24,657,5,12
2018/3/24,3,5,12
2018/3/24,33,5,12
2018/3/24,7,5,12
2018/3/24,66,5,12
2018/3/24,59,5,12
2018/3/24,6,5,12
2018/3/24,17,5,12
2018/3/24,10,5,12
2018/3/24,2,5,12
2018/3/24,2,5,12
2018/3/24,8,5,12
2018/3/24,19,5,12
2018/3/24,67,5,12
2018/3/24,7,5,12
2018/3/24,9,5,12
2018/3/24,801,5,12
2018/3/24,10,5,12
2018/3/24,17,5,12
2018/3/24,3,5,12
2018/3/24,8,5,12
2018/3/24,199,5,12
2018/3/24,32,5,12
2018/3/25,59,6,12
2018/3/25,711,6,12
2018/3/25,106,6,12
2018/3/25,108,6,12
2018/3/25,23,6,12
2018/3/25,13,6,12
2018/3/25,109,6,12
2018/3/25,401,6,12
2018/3/25,5,6,12
2018/3/25,14,6,12
2018/3/25,36,6,12
2018/3/25,17,6,12
2018/3/25,862,6,12
2018/3/25,4,6,12
2018/3/25,18,6,12
2018/3/25,91,6,12
2018/3/25,76,6,12
2018/3/25,226,6,12
2018/3/25,9,6,12
2018/3/25,525,6,12
2018/3/25,37,6,12
2018/3/25,302,6,12
2018/3/25,93,6,12
2018/3/25,123,6,12
2018/3/25,203,6,12
2018/3/25,9,6,12
2018/3/25,8,6,12
2018/3/25,9,6,12
2018/3/25,11,6,12
2018/3/25,258,6,12
2018/3/25,453,6,12
2018/3/25,108,6,12
2018/3/25,35,6,12
2018/3/25,87,6,12
2018/3/25,1003,6,12
2018/3/25,12,6,12
2018/3/25,10,6,12
2018/3/25,37,6,12
2018/3/25,11,6,12
2018/3/25,15,6,12
2018/3/25,157,6,12
2018/3/25,52,6,12
2018/3/25,56,6,12
2018/3/25,107,6,12
2018/3/25,8,6,12
2018/3/25,10,6,12
2018/3/25,9,6,12
2018/3/25,12,6,12
2018/3/25,181,6,12
2018/3/25,24,6,12
2018/3/25,27,6,12
2018/3/31,13,5,13
2018/3/31,25,5,13
2018/3/31,302,5,13
2018/3/31,25,5,13
2018/3/31,4883,5,13
2018/3/31,45,5,13
2018/3/31,23,5,13
2018/3/31,382,5,13
2018/3/31,65,5,13
2018/3/31,53,5,13
2018/3/31,84,5,13
2018/3/31,5,5,13
2018/3/31,8,5,13
2018/3/31,24,5,13
2018/3/31,11,5,13
2018/3/31,17,5,13
2018/3/31,7,5,13
2018/3/31,50,5,13
2018/3/31,202,5,13
2018/3/31,27,5,13
2018/3/31,43,5,13
2018/3/31,241,5,13
2018/3/31,303,5,13
2018/3/31,109,5,13
2018/3/31,33,5,13
2018/3/31,9,5,13
2018/3/31,9,5,13
2018/3/31,31,5,13
2018/3/31,9,5,13
2018/3/31,128,5,13
2018/3/31,167,5,13
2018/3/31,8,5,13
2018/3/31,43,5,13
2018/3/31,201,5,13
2018/3/31,22,5,13
2018/3/31,30,5,13
2018/3/31,203,5,13
2018/3/31,254,5,13
2018/3/31,1464,5,13
2018/3/31,13,5,13
2018/3/31,7,5,13
2018/3/31,17,5,13
2018/3/31,9,5,13
2018/3/31,8,5,13
2018/3/31,3,5,13
2018/3/31,379,5,13
2018/3/31,15,5,13
2018/3/31,10,5,13
2018/3/31,6,5,13
2018/3/31,8,5,13
2018/3/31,157,5,13
2018/3/31,111,5,13
2018/3/31,16,5,13
2018/3/31,14,5,13
2018/3/31,19,5,13
2018/3/31,16,5,13
2018/3/31,11,5,13
2018/3/31,11,5,13
2018/3/31,8,5,13
2018/3/31,73,5,13
2018/3/31,9,5,13
2018/3/31,5,5,13
2018/3/31,10,5,13
2018/3/31,5,5,13
2018/3/31,3,5,13
2018/3/31,19,5,13
2018/3/31,8,5,13
2018/3/31,82,5,13
2018/3/31,42,5,13
2018/3/31,12,5,13
2018/3/31,19,5,13
2018/3/31,27,5,13
2018/3/31,109,5,13
2018/4/1,18,6,13
2018/4/1,11,6,13
2018/4/1,404,6,13
2018/4/1,204,6,13
2018/4/1,105,6,13
2018/4/1,453,6,13
2018/4/1,110,6,13
2018/4/1,3,6,13
2018/4/1,10,6,13
2018/4/1,8,6,13
2018/4/1,21,6,13
2018/4/1,10,6,13
2018/4/1,6,6,13
2018/4/1,28,6,13
2018/4/1,82,6,13
2018/4/1,7,6,13
2018/4/1,29,6,13
2018/4/1,105,6,13
2018/4/7,208,5,14
2018/4/7,18,5,14
2018/4/7,507,5,14
2018/4/7,15,5,14
2018/4/7,104,5,14
2018/4/7,605,5,14
2018/4/7,56,5,14
2018/4/7,69,5,14
2018/4/7,18,5,14
2018/4/7,208,5,14
2018/4/7,272,5,14
2018/4/7,30,5,14
2018/4/7,572,5,14
2018/4/7,602,5,14
2018/4/7,6,5,14
2018/4/7,6,5,14
2018/4/7,31,5,14
2018/4/7,805,5,14
2018/4/7,7,5,14
2018/4/7,10,5,14
2018/4/7,23,5,14
2018/4/7,45,5,14
2018/4/7,508,5,14
2018/4/7,103,5,14
2018/4/7,34,5,14
2018/4/7,65,5,14
2018/4/7,32,5,14
2018/4/8,34,6,14
2018/4/8,13,6,14
2018/4/8,6,6,14
2018/4/8,57,6,14
2018/4/8,403,6,14
2018/4/8,203,6,14
2018/4/8,4,6,14
2018/4/8,107,6,14
2018/4/8,109,6,14
2018/4/8,32,6,14
2018/4/8,27,6,14
2018/4/8,11,6,14
2018/4/8,33,6,14
2018/4/8,219,6,14
2018/4/8,62,6,14
2018/4/8,35,6,14
2018/4/8,17,6,14
2018/4/8,19,6,14
2018/4/8,104,6,14
2018/4/8,54,6,14
2018/4/8,23,6,14
2018/4/8,24,6,14
2018/4/8,7,6,14
2018/4/8,804,6,14
2018/4/8,6,6,14
2018/4/8,9,6,14
2018/4/8,4,6,14
2018/4/8,81,6,14
2018/4/8,179,6,14
2018/4/8,148,6,14
2018/4/8,32,6,14
2018/4/8,4,6,14
2018/4/8,9,6,14
2018/4/8,33,6,14
2018/4/8,11,6,14
2018/4/8,197,6,14
2018/4/8,505,6,14
2018/4/8,108,6,14
2018/4/8,258,6,14
2018/4/8,172,6,14
2018/4/14,107,5,15
2018/4/14,23,5,15
2018/4/14,109,5,15
2018/4/14,202,5,15
2018/4/14,23,5,15
2018/4/14,10,5,15
2018/4/14,202,5,15
2018/4/14,306,5,15
2018/4/14,11,5,15
2018/4/14,64,5,15
2018/4/14,67,5,15
2018/4/14,40,5,15
2018/4/14,152,5,15
2018/4/14,10,5,15
2018/4/14,5,5,15
2018/4/14,14,5,15
2018/4/14,17,5,15
2018/4/14,306,5,15
2018/4/14,703,5,15
2018/4/14,205,5,15
2018/4/14,316,5,15
2018/4/14,8,5,15
2018/4/14,2,5,15
2018/4/14,9,5,15
2018/4/14,39,5,15
2018/4/14,7,5,15
2018/4/14,31,5,15
2018/4/14,20,5,15
2018/4/14,56,5,15
2018/4/14,23,5,15
2018/4/14,7,5,15
2018/4/14,28,5,15
2018/4/14,10,5,15
2018/4/15,39,6,15
2018/4/15,25,6,15
2018/4/15,23,6,15
2018/4/15,42,6,15
2018/4/15,309,6,15
2018/4/15,44,6,15
2018/4/15,36,6,15
2018/4/15,5,6,15
2018/4/15,199,6,15
2018/4/15,85,6,15
2018/4/15,177,6,15
2018/4/15,138,6,15
2018/4/15,46,6,15
2018/4/15,321,6,15
2018/4/15,15,6,15
2018/4/15,1577,6,15
2018/4/15,38,6,15
2018/4/15,53,6,15
2018/4/15,10,6,15
2018/4/15,103,6,15
2018/4/15,9,6,15
2018/4/15,57,6,15
2018/4/15,503,6,15
2018/4/15,34,6,15
2018/4/21,9,5,16
2018/4/21,57,5,16
2018/4/21,18,5,16
2018/4/21,206,5,16
2018/4/21,21,5,16
2018/4/21,42,5,16
2018/4/21,215,5,16
2018/4/21,117,5,16
2018/4/21,105,5,16
2018/4/21,67,5,16
2018/4/21,265,5,16
2018/4/21,108,5,16
2018/4/21,31,5,16
2018/4/21,9,5,16
2018/4/21,155,5,16
2018/4/21,123,5,16
2018/4/21,53,5,16
2018/4/21,46,5,16
2018/4/21,27,5,16
2018/4/21,6,5,16
2018/4/21,32,5,16
2018/4/21,45,5,16
2018/4/21,9,5,16
2018/4/21,13,5,16
2018/4/21,14,5,16
2018/4/21,41,5,16
2018/4/21,77,5,16
2018/4/21,14,5,16
2018/4/21,18,5,16
2018/4/21,57,5,16
2018/4/21,29,5,16
2018/4/21,31,5,16
2018/4/21,2,5,16
2018/4/21,33,5,16
2018/4/21,31,5,16
2018/4/21,300,5,16
2018/4/21,6,5,16
2018/4/21,46,5,16
2018/4/21,33,5,16
2018/4/21,36,5,16
2018/4/21,73,5,16
2018/4/21,905,5,16
2018/4/21,52,5,16
2018/4/21,301,5,16
2018/4/21,9,5,16
2018/4/21,4,5,16
2018/4/21,4,5,16
2018/4/22,55,6,16
2018/4/22,10,6,16
2018/4/22,7,6,16
2018/4/22,3,6,16
2018/4/22,24,6,16
2018/4/22,437,6,16
2018/4/22,9,6,16
2018/4/22,74,6,16
2018/4/22,156,6,16
2018/4/22,505,6,16
2018/4/22,4,6,16
2018/4/22,106,6,16
2018/4/22,5,6,16
2018/4/22,27,6,16
2018/4/22,42,6,16
2018/4/22,551,6,16
2018/4/22,11,6,16
2018/4/22,56,6,16
2018/4/22,13,6,16
2018/4/22,29,6,16
2018/4/22,11,6,16
2018/4/22,29,6,16
2018/4/22,17,6,16
2018/4/22,465,6,16
2018/4/22,5,6,16
2018/4/22,36,6,16
2018/4/22,3,6,16
2018/4/28,8,5,17
2018/4/28,10,5,17
2018/4/28,9,5,17
2018/4/28,10,5,17
2018/4/28,25,5,17
2018/4/28,11,5,17
2018/4/28,52,5,17
2018/4/28,208,5,17
2018/4/28,7,5,17
2018/4/28,69,5,17
2018/4/28,51,5,17
2018/4/28,87,5,17
2018/4/28,251,5,17
2018/4/28,13,5,17
2018/4/28,109,5,17
2018/4/28,169,5,17
2018/4/28,48,5,17
2018/4/28,6,5,17
2018/4/28,47,5,17
2018/4/28,242,5,17
2018/4/28,185,5,17
2018/4/28,255,5,17
2018/4/28,10,5,17
2018/4/28,2,5,17
2018/4/28,8,5,17
2018/4/28,6,5,17
2018/4/28,58,5,17
2018/4/28,7,5,17
2018/4/28,77,5,17
2018/4/28,4,5,17
2018/4/28,144,5,17
2018/4/28,76,5,17
2018/4/28,6,5,17
2018/4/28,178,5,17
2018/4/28,342,5,17
2018/4/28,581,5,17
2018/4/28,12,5,17
2018/4/28,2,5,17
2018/4/28,71,5,17
2018/4/28,38,5,17
2018/4/28,2,5,17
2018/4/28,29,5,17
2018/4/28,108,5,17
2018/4/28,12,5,17
2018/4/28,14,5,17
2018/4/28,12,5,17
2018/4/28,9,5,17
2018/4/28,7,5,17
2018/4/28,2,5,17
2018/4/28,7,5,17
2018/4/28,6,5,17
2018/4/28,67,5,17
2018/4/28,25,5,17
2018/4/28,24,5,17
2018/4/28,44,5,17
2018/4/28,12,5,17
2018/4/28,13,5,17
2018/4/28,8,5,17
2018/4/28,23,5,17
2018/4/28,107,5,17
2018/4/28,5,5,17
2018/4/28,56,5,17
2018/4/28,108,5,17
2018/4/28,97,5,17
2018/4/28,501,5,17
2018/4/28,16,5,17
2018/4/28,46,5,17
2018/4/28,27,5,17
2018/4/28,17,5,17
2018/4/28,29,5,17
2018/4/28,22,5,17
2018/4/29,43,6,17
2018/4/29,85,6,17
2018/4/29,12,6,17
2018/4/29,204,6,17
2018/4/29,161,6,17
2018/4/29,104,6,17
2018/4/29,159,6,17
2018/4/29,89,6,17
2018/4/29,34,6,17
2018/4/29,124,6,17
2018/4/29,72,6,17
2018/4/29,28,6,17
2018/4/29,224,6,17
2018/4/29,12,6,17
2018/4/29,108,6,17
2018/4/29,623,6,17
2018/4/29,503,6,17
2018/4/29,24,6,17
2018/4/29,10,6,17
2018/4/29,25,6,17
2018/4/29,14,6,17
2018/4/29,23,6,17
2018/4/29,92,6,17
2018/4/29,23,6,17
2018/4/29,294,6,17
2018/4/29,3,6,17
2018/4/29,273,6,17
2018/4/29,131,6,17
2018/4/29,6,6,17
2018/4/29,27,6,17
2018/4/29,502,6,17
2018/4/29,102,6,17
2018/4/29,107,6,17
2018/4/29,576,6,17
2018/4/29,11,6,17
2018/4/29,11,6,17
2018/4/29,107,6,17
2018/4/29,10,6,17
2018/4/29,509,6,17
2018/4/29,26,6,17
2018/4/29,5,6,17
2018/4/29,32,6,17
2018/4/29,57,6,17
2018/4/29,31,6,17
2018/4/29,19,6,17
2018/4/29,22,6,17
2018/4/29,55,6,17
2018/4/29,81,6,17
2018/4/29,10,6,17
2018/4/29,6,6,17
2018/5/5,58,5,18
2018/5/5,65,5,18
2018/5/5,21,5,18
2018/5/5,144,5,18
2018/5/5,18,5,18
2018/5/5,13,5,18
2018/5/5,29,5,18
2018/5/5,76,5,18
2018/5/5,106,5,18
2018/5/5,61,5,18
2018/5/5,122,5,18
2018/5/5,15,5,18
2018/5/5,364,5,18
2018/5/5,28,5,18
2018/5/5,68,5,18
2018/5/5,61,5,18
2018/5/5,488,5,18
2018/5/5,54,5,18
2018/5/5,39,5,18
2018/5/5,63,5,18
2018/5/5,3,5,18
2018/5/5,545,5,18
2018/5/5,679,5,18
2018/5/5,119,5,18
2018/5/5,4,5,18
2018/5/5,55,5,18
2018/5/5,39,5,18
2018/5/5,53,5,18
2018/5/5,80,5,18
2018/5/5,19,5,18
2018/5/5,7,5,18
2018/5/5,5,5,18
2018/5/5,73,5,18
2018/5/5,9,5,18
2018/5/5,108,5,18
2018/5/5,220,5,18
2018/5/5,16,5,18
2018/5/5,108,5,18
2018/5/5,3,5,18
2018/5/5,106,5,18
2018/5/5,29,5,18
2018/5/5,406,5,18
2018/5/5,81,5,18
2018/5/5,11,5,18
2018/5/6,11,6,18
2018/5/6,1269,6,18
2018/5/6,30,6,18
2018/5/6,3,6,18
2018/5/6,50,6,18
2018/5/6,487,6,18
2018/5/6,46,6,18
2018/5/6,34,6,18
2018/5/6,15,6,18
2018/5/6,226,6,18
2018/5/6,711,6,18
2018/5/6,612,6,18
2018/5/6,13,6,18
2018/5/6,126,6,18
2018/5/6,65,6,18
2018/5/6,5,6,18
2018/5/6,313,6,18
2018/5/6,354,6,18
2018/5/6,21,6,18
2018/5/6,205,6,18
2018/5/6,102,6,18
2018/5/6,505,6,18
2018/5/6,928,6,18
2018/5/6,524,6,18
2018/5/6,22,6,18
2018/5/6,53,6,18
2018/5/6,10,6,18
2018/5/6,6,6,18
2018/5/6,19,6,18
2018/5/6,108,6,18
2018/5/6,262,6,18
2018/5/12,41,5,19
2018/5/12,354,5,19
2018/5/12,34,5,19
2018/5/12,160,5,19
2018/5/12,235,5,19
2018/5/12,77,5,19
2018/5/12,16,5,19
2018/5/12,289,5,19
2018/5/12,27,5,19
2018/5/12,487,5,19
2018/5/12,41,5,19
2018/5/12,253,5,19
2018/5/12,126,5,19
2018/5/12,491,5,19
2018/5/12,148,5,19
2018/5/12,547,5,19
2018/5/12,152,5,19
2018/5/12,308,5,19
2018/5/12,85,5,19
2018/5/12,76,5,19
2018/5/12,12,5,19
2018/5/12,12,5,19
2018/5/12,102,5,19
2018/5/12,183,5,19
2018/5/12,6,5,19
2018/5/12,7,5,19
2018/5/12,10,5,19
2018/5/12,4,5,19
2018/5/12,10,5,19
2018/5/12,141,5,19
2018/5/12,250,5,19
2018/5/12,2,5,19
2018/5/12,28,5,19
2018/5/12,9,5,19
2018/5/12,456,5,19
2018/5/12,645,5,19
2018/5/12,12,5,19
2018/5/12,141,5,19
2018/5/12,5,5,19
2018/5/12,8,5,19
2018/5/12,9,5,19
2018/5/12,7,5,19
2018/5/12,8,5,19
2018/5/12,7,5,19
2018/5/12,134,5,19
2018/5/12,108,5,19
2018/5/12,32,5,19
2018/5/12,11,5,19
2018/5/12,52,5,19
2018/5/13,6,6,19
2018/5/13,50,6,19
2018/5/13,3,6,19
2018/5/13,21,6,19
2018/5/13,6,6,19
2018/5/13,53,6,19
2018/5/13,21,6,19
2018/5/13,83,6,19
2018/5/13,408,6,19
2018/5/13,302,6,19
2018/5/13,105,6,19
2018/5/13,6,6,19
2018/5/13,313,6,19
2018/5/13,28,6,19
2018/5/13,255,6,19
2018/5/13,101,6,19
2018/5/19,359,5,20
2018/5/19,18,5,20
2018/5/19,156,5,20
2018/5/19,57,5,20
2018/5/19,14,5,20
2018/5/19,495,5,20
2018/5/19,9,5,20
2018/5/19,136,5,20
2018/5/19,172,5,20
2018/5/19,74,5,20
2018/5/19,172,5,20
2018/5/19,6,5,20
2018/5/19,4,5,20
2018/5/19,10,5,20
2018/5/19,56,5,20
2018/5/19,53,5,20
2018/5/19,209,5,20
2018/5/19,508,5,20
2018/5/19,54,5,20
2018/5/19,11,5,20
2018/5/19,20,5,20
2018/5/19,10,5,20
2018/5/19,50,5,20
2018/5/19,1387,5,20
2018/5/19,2,5,20
2018/5/19,11,5,20
2018/5/19,8,5,20
2018/5/19,104,5,20
2018/5/19,373,5,20
2018/5/19,119,5,20
2018/5/19,306,5,20
2018/5/19,17,5,20
2018/5/19,17,5,20
2018/5/19,334,5,20
2018/5/19,1906,5,20
2018/5/19,10,5,20
2018/5/19,195,5,20
2018/5/19,2,5,20
2018/5/19,10,5,20
2018/5/19,6,5,20
2018/5/19,12,5,20
2018/5/19,6,5,20
2018/5/19,8,5,20
2018/5/19,6,5,20
2018/5/19,10,5,20
2018/5/19,6,5,20
2018/5/19,58,5,20
2018/5/19,1007,5,20
2018/5/19,8,5,20
2018/5/19,6,5,20
2018/5/19,10,5,20
2018/5/19,9,5,20
2018/5/19,10,5,20
2018/5/19,6,5,20
2018/5/19,9,5,20
2018/5/19,6,5,20
2018/5/19,13,5,20
2018/5/19,42,5,20
2018/5/19,5,5,20
2018/5/19,3,5,20
2018/5/19,8,5,20
2018/5/19,12,5,20
2018/5/19,23,5,20
2018/5/19,31,5,20
2018/5/19,37,5,20
2018/5/19,5,5,20
2018/5/19,7,5,20
2018/5/19,2,5,20
2018/5/19,8,5,20
2018/5/19,9,5,20
2018/5/19,204,5,20
2018/5/19,170,5,20
2018/5/19,8,5,20
2018/5/19,102,5,20
2018/5/19,36,5,20
2018/5/19,357,5,20
2018/5/19,3,5,20
2018/5/19,13,5,20
2018/5/19,3,5,20
2018/5/20,39,6,20
2018/5/20,159,6,20
2018/5/20,106,6,20
2018/5/20,7,6,20
2018/5/20,404,6,20
2018/5/20,26,6,20
2018/5/20,9,6,20
2018/5/20,19,6,20
2018/5/20,14,6,20
2018/5/20,101,6,20
2018/5/20,56,6,20
2018/5/20,537,6,20
2018/5/20,45,6,20
2018/5/20,38,6,20
2018/5/20,22,6,20
2018/5/20,75,6,20
2018/5/20,12,6,20
2018/5/20,69,6,20
2018/5/20,17,6,20
2018/5/20,44,6,20
2018/5/20,12,6,20
2018/5/20,36,6,20
2018/5/20,55,6,20
2018/5/20,3,6,20
2018/5/20,75,6,20
2018/5/20,14,6,20
2018/5/20,36,6,20
2018/5/20,5,6,20
2018/5/20,8,6,20
2018/5/20,11,6,20
2018/5/20,6,6,20
2018/5/20,3,6,20
2018/5/20,11,6,20
2018/5/20,5,6,20
2018/5/20,15,6,20
2018/5/20,21,6,20
2018/5/20,1158,6,20
2018/5/20,10,6,20
2018/5/20,405,6,20
2018/5/20,202,6,20
2018/5/20,885,6,20
2018/5/20,12,6,20
2018/5/20,2,6,20
2018/5/20,224,6,20
2018/5/20,32,6,20
2018/5/20,10,6,20
2018/5/20,16,6,20
2018/5/20,12,6,20
2018/5/20,58,6,20
2018/5/20,505,6,20
2018/5/26,15,5,21
2018/5/26,33,5,21
2018/5/26,9,5,21
2018/5/26,13,5,21
2018/5/26,233,5,21
2018/5/26,6,5,21
2018/5/26,19,5,21
2018/5/26,9,5,21
2018/5/26,8,5,21
2018/5/26,11,5,21
2018/5/26,9,5,21
2018/5/26,18,5,21
2018/5/26,20,5,21
2018/5/26,912,5,21
2018/5/26,7,5,21
2018/5/26,395,5,21
2018/5/26,247,5,21
2018/5/26,10,5,21
2018/5/26,12,5,21
2018/5/26,103,5,21
2018/5/26,4,5,21
2018/5/26,7,5,21
2018/5/26,2,5,21
2018/5/26,186,5,21
2018/5/26,33,5,21
2018/5/26,19,5,21
2018/5/26,6,5,21
2018/5/26,2,5,21
2018/5/26,81,5,21
2018/5/26,54,5,21
2018/5/26,6,5,21
2018/5/26,101,5,21
2018/5/26,25,5,21
2018/5/26,21,5,21
2018/5/26,8,5,21
2018/5/26,8,5,21
2018/5/26,108,5,21
2018/5/26,22,5,21
2018/5/26,15,5,21
2018/5/26,102,5,21
2018/5/26,31,5,21
2018/5/26,30,5,21
2018/5/26,45,5,21
2018/5/26,5,5,21
2018/5/26,93,5,21
2018/5/26,103,5,21
2018/5/26,10,5,21
2018/5/26,2,5,21
2018/5/26,9,5,21
2018/5/26,5,5,21
2018/5/26,112,5,21
2018/5/26,7,5,21
2018/5/26,10,5,21
2018/5/26,3,5,21
2018/5/26,10,5,21
2018/5/26,39,5,21
2018/5/26,21,5,21
2018/5/26,10,5,21
2018/5/26,9,5,21
2018/5/26,24,5,21
2018/5/26,7,5,21
2018/5/26,2,5,21
2018/5/26,6,5,21
2018/5/26,11,5,21
2018/5/26,4,5,21
2018/5/26,14,5,21
2018/5/26,54,5,21
2018/5/26,844,5,21
2018/5/26,8,5,21
2018/5/26,16,5,21
2018/5/26,7,5,21
2018/5/26,94,5,21
2018/5/26,110,5,21
2018/5/26,53,5,21
2018/5/26,2,5,21
2018/5/26,5,5,21
2018/5/26,266,5,21
2018/5/26,201,5,21
2018/5/26,5,5,21
2018/5/26,26,5,21
2018/5/26,302,5,21
2018/5/26,46,5,21
2018/5/26,9,5,21
2018/5/27,26,6,21
2018/5/27,17,6,21
2018/5/27,14,6,21
2018/5/27,83,6,21
2018/5/27,1076,6,21
2018/5/27,15,6,21
2018/5/27,215,6,21
2018/5/27,282,6,21
2018/5/27,13,6,21
2018/5/27,9,6,21
2018/5/27,66,6,21
2018/5/27,111,6,21
2018/5/27,31,6,21
2018/5/27,604,6,21
2018/5/27,47,6,21
2018/5/27,62,6,21
2018/5/27,14,6,21
2018/5/27,3,6,21
2018/5/27,153,6,21
2018/5/27,127,6,21
2018/5/27,95,6,21
2018/5/27,1010,6,21
2018/5/27,13,6,21
2018/5/27,36,6,21
2018/5/27,8,6,21
2018/5/27,10,6,21
2018/5/27,163,6,21
2018/5/27,50,6,21
2018/5/27,1616,6,21
2018/5/27,10,6,21
2018/5/27,131,6,21
2018/5/27,53,6,21
2018/5/27,52,6,21
2018/5/27,107,6,21
2018/5/27,128,6,21
2018/6/2,56,5,22
2018/6/2,48,5,22
2018/6/2,21,5,22
2018/6/2,7,5,22
2018/6/2,18,5,22
2018/6/2,23,5,22
2018/6/2,9,5,22
2018/6/2,13,5,22
2018/6/2,10,5,22
2018/6/2,562,5,22
2018/6/2,7,5,22
2018/6/2,68,5,22
2018/6/2,454,5,22
2018/6/2,6,5,22
2018/6/2,96,5,22
2018/6/2,17,5,22
2018/6/2,11,5,22
2018/6/2,28,5,22
2018/6/2,24,5,22
2018/6/2,21,5,22
2018/6/2,9,5,22
2018/6/2,95,5,22
2018/6/2,3,5,22
2018/6/2,3,5,22
2018/6/2,4,5,22
2018/6/2,24,5,22
2018/6/2,10,5,22
2018/6/2,25,5,22
2018/6/2,12,5,22
2018/6/2,13,5,22
2018/6/2,6,5,22
2018/6/2,12,5,22
2018/6/2,5,5,22
2018/6/2,5,5,22
2018/6/2,4,5,22
2018/6/2,10,5,22
2018/6/3,14,6,22
2018/6/3,3,6,22
2018/6/3,8,6,22
2018/6/3,12,6,22
2018/6/3,8,6,22
2018/6/3,86,6,22
2018/6/3,12,6,22
2018/6/3,52,6,22
2018/6/3,509,6,22
2018/6/3,706,6,22
2018/6/3,13,6,22
2018/6/3,12,6,22
2018/6/3,7,6,22
2018/6/3,341,6,22
2018/6/3,486,6,22
2018/6/3,12,6,22
2018/6/3,5,6,22
2018/6/3,167,6,22
2018/6/3,55,6,22
2018/6/3,2,6,22
2018/6/3,4,6,22
2018/6/9,22,5,23
2018/6/9,415,5,23
2018/6/9,11,5,23
2018/6/9,22,5,23
2018/6/9,11,5,23
2018/6/9,6,5,23
2018/6/9,3,5,23
2018/6/9,2,5,23
2018/6/9,24,5,23
2018/6/9,21,5,23
2018/6/9,101,5,23
2018/6/9,25,5,23
2018/6/9,9,5,23
2018/6/9,24,5,23
2018/6/9,116,5,23
2018/6/9,22,5,23
2018/6/9,247,5,23
2018/6/9,53,5,23
2018/6/9,11,5,23
2018/6/9,103,5,23
2018/6/9,58,5,23
2018/6/9,203,5,23
2018/6/9,4,5,23
2018/6/9,11,5,23
2018/6/9,46,5,23
2018/6/9,28,5,23
2018/6/9,9,5,23
2018/6/9,298,5,23
2018/6/9,242,5,23
2018/6/9,8,5,23
2018/6/9,7,5,23
2018/6/10,4,6,23
2018/6/10,55,6,23
2018/6/10,7,6,23
2018/6/10,39,6,23
2018/6/10,38,6,23
2018/6/10,72,6,23
2018/6/10,17,6,23
2018/6/10,10,6,23
2018/6/10,22,6,23
2018/6/10,9,6,23
2018/6/10,39,6,23
2018/6/10,91,6,23
2018/6/10,4,6,23
2018/6/10,4,6,23
2018/6/10,59,6,23
2018/6/10,7,6,23
2018/6/10,7,6,23
2018/6/10,9,6,23
2018/6/10,59,6,23
2018/6/10,7,6,23
2018/6/10,547,6,23
2018/6/10,35,6,23
2018/6/10,8,6,23
2018/6/10,53,6,23
2018/6/10,50,6,23
2018/6/16,6,5,24
2018/6/16,7,5,24
2018/6/16,10,5,24
2018/6/16,5,5,24
2018/6/16,308,5,24
2018/6/16,5,5,24
2018/6/16,8,5,24
2018/6/16,5,5,24
2018/6/16,56,5,24
2018/6/16,11,5,24
2018/6/16,7,5,24
2018/6/16,5,5,24
2018/6/16,9,5,24
2018/6/16,9,5,24
2018/6/16,56,5,24
2018/6/16,11,5,24
2018/6/16,9,5,24
2018/6/16,8,5,24
2018/6/16,26,5,24
2018/6/16,202,5,24
2018/6/16,11,5,24
2018/6/16,28,5,24
2018/6/16,9,5,24
2018/6/16,11,5,24
2018/6/16,9,5,24
2018/6/16,8,5,24
2018/6/16,9,5,24
2018/6/16,7,5,24
2018/6/16,7,5,24
2018/6/16,4,5,24
2018/6/16,8,5,24
2018/6/16,9,5,24
2018/6/16,4,5,24
2018/6/16,11,5,24
2018/6/16,2,5,24
2018/6/16,9,5,24
2018/6/16,6,5,24
2018/6/16,7,5,24
2018/6/16,11,5,24
2018/6/16,6,5,24
2018/6/16,6,5,24
2018/6/16,32,5,24
2018/6/16,11,5,24
2018/6/16,11,5,24
2018/6/16,29,5,24
2018/6/16,37,5,24
2018/6/16,205,5,24
2018/6/16,58,5,24
2018/6/16,54,5,24
2018/6/16,26,5,24
2018/6/16,102,5,24
2018/6/16,7,5,24
2018/6/16,10,5,24
2018/6/16,5,5,24
2018/6/16,7,5,24
2018/6/16,10,5,24
2018/6/16,7,5,24
2018/6/16,18,5,24
2018/6/16,6,5,24
2018/6/16,6,5,24
2018/6/16,34,5,24
2018/6/17,25,6,24
2018/6/17,17,6,24
2018/6/17,56,6,24
2018/6/17,9,6,24
2018/6/17,49,6,24
2018/6/17,59,6,24
2018/6/17,25,6,24
2018/6/17,196,6,24
2018/6/17,104,6,24
2018/6/17,10,6,24
2018/6/17,506,6,24
2018/6/17,8,6,24
2018/6/17,36,6,24
2018/6/17,73,6,24
2018/6/17,161,6,24
2018/6/17,39,6,24
2018/6/17,165,6,24
2018/6/17,53,6,24
2018/6/17,52,6,24
2018/6/17,6,6,24
2018/6/17,24,6,24
2018/6/17,4,6,24
2018/6/17,3,6,24
2018/6/17,2,6,24
2018/6/17,5,6,24
2018/6/17,10,6,24
2018/6/17,53,6,24
2018/6/17,241,6,24
2018/6/23,23,5,25
2018/6/23,7,5,25
2018/6/23,182,5,25
2018/6/23,29,5,25
2018/6/23,39,5,25
2018/6/23,7,5,25
2018/6/23,72,5,25
2018/6/23,8,5,25
2018/6/23,6,5,25
2018/6/23,151,5,25
2018/6/23,4,5,25
2018/6/23,12,5,25
2018/6/23,56,5,25
2018/6/23,437,5,25
2018/6/23,105,5,25
2018/6/23,10,5,25
2018/6/23,18,5,25
2018/6/23,18,5,25
2018/6/23,8,5,25
2018/6/23,24,5,25
2018/6/23,10,5,25
2018/6/23,25,5,25
2018/6/23,23,5,25
2018/6/23,11,5,25
2018/6/23,24,5,25
2018/6/23,62,5,25
2018/6/23,278,5,25
2018/6/23,24,5,25
2018/6/23,5,5,25
2018/6/23,2,5,25
2018/6/23,32,5,25
2018/6/23,2,5,25
2018/6/23,71,5,25
2018/6/23,19,5,25
2018/6/23,13,5,25
2018/6/23,159,5,25
2018/6/23,109,5,25
2018/6/23,31,5,25
2018/6/23,25,5,25
2018/6/23,105,5,25
2018/6/23,5,5,25
2018/6/23,105,5,25
2018/6/23,202,5,25
2018/6/23,10,5,25
2018/6/24,18,6,25
2018/6/24,11,6,25
2018/6/24,9,6,25
2018/6/24,3,6,25
2018/6/24,55,6,25
2018/6/24,202,6,25
2018/6/24,294,6,25
2018/6/24,10,6,25
2018/6/24,98,6,25
2018/6/24,28,6,25
2018/6/24,105,6,25
2018/6/24,12,6,25
2018/6/24,53,6,25
2018/6/24,12,6,25
2018/6/24,304,6,25
2018/6/24,93,6,25
2018/6/24,18,6,25
2018/6/24,2,6,25
2018/6/24,6,6,25
2018/6/24,82,6,25
2018/6/24,13,6,25
2018/6/24,10,6,25
2018/6/24,104,6,25
2018/6/24,5,6,25
2018/6/24,8,6,25
2018/6/24,56,6,25
2018/6/30,2,5,26
2018/6/30,9,5,26
2018/6/30,9,5,26
2018/6/30,5,5,26
2018/6/30,7,5,26
2018/6/30,5,5,26
2018/6/30,10,5,26
2018/6/30,305,5,26
2018/6/30,8,5,26
2018/6/30,57,5,26
2018/6/30,10,5,26
2018/6/30,12,5,26
2018/6/30,5,5,26
2018/6/30,3,5,26
2018/6/30,2,5,26
2018/6/30,3,5,26
2018/7/1,6,6,26
2018/7/1,18,6,26
2018/7/1,28,6,26
2018/7/1,55,6,26
2018/7/1,207,6,26
2018/7/1,5,6,26
2018/7/1,9,6,26
2018/7/1,5,6,26
2018/7/1,4,6,26
2018/7/1,13,6,26
2018/7/1,55,6,26
2018/7/7,388,5,27
2018/7/7,161,5,27
2018/7/7,7,5,27
2018/7/7,27,5,27
2018/7/7,25,5,27
2018/7/7,27,5,27
2018/7/7,25,5,27
2018/7/7,11,5,27
2018/7/7,101,5,27
2018/7/7,57,5,27
2018/7/7,58,5,27
2018/7/7,202,5,27
2018/7/7,23,5,27
2018/7/7,394,5,27
2018/7/7,24,5,27
2018/7/7,13,5,27
2018/7/7,13,5,27
2018/7/7,26,5,27
2018/7/7,24,5,27
2018/7/7,3,5,27
2018/7/7,56,5,27
2018/7/7,6,5,27
2018/7/7,161,5,27
2018/7/7,9,5,27
2018/7/8,12,6,27
2018/7/8,5,6,27
2018/7/8,26,6,27
2018/7/8,11,6,27
2018/7/8,24,6,27
2018/7/8,88,6,27
2018/7/8,2,6,27
2018/7/8,8,6,27
2018/7/8,59,6,27
2018/7/8,13,6,27
2018/7/8,14,6,27
2018/7/8,22,6,27
2018/7/8,309,6,27
2018/7/8,304,6,27
2018/7/8,116,6,27
2018/7/8,55,6,27
2018/7/8,151,6,27
2018/7/8,177,6,27
2018/7/8,14,6,27
2018/7/8,5,6,27
2018/7/8,403,6,27
2018/7/8,21,6,27
2018/7/8,15,6,27
2018/7/14,5,5,28
2018/7/14,105,5,28
2018/7/14,4,5,28
2018/7/14,125,5,28
2018/7/14,13,5,28
2018/7/14,21,5,28
2018/7/14,65,5,28
2018/7/14,7,5,28
2018/7/14,356,5,28
2018/7/14,104,5,28
2018/7/14,36,5,28
2018/7/14,206,5,28
2018/7/14,9,5,28
2018/7/14,394,5,28
2018/7/14,207,5,28
2018/7/14,46,5,28
2018/7/14,8,5,28
2018/7/14,508,5,28
2018/7/14,158,5,28
2018/7/14,13,5,28
2018/7/14,599,5,28
2018/7/14,1,5,28
2018/7/14,205,5,28
2018/7/14,91,5,28
2018/7/14,81,5,28
2018/7/14,21,5,28
2018/7/14,21,5,28
2018/7/14,4,5,28
2018/7/14,24,5,28
2018/7/14,47,5,28
2018/7/14,6,5,28
2018/7/14,21,5,28
2018/7/14,13,5,28
2018/7/14,11,5,28
2018/7/14,3,5,28
2018/7/14,8,5,28
2018/7/14,8,5,28
2018/7/14,5,5,28
2018/7/14,66,5,28
2018/7/14,8,5,28
2018/7/14,2,5,28
2018/7/14,11,5,28
2018/7/14,8,5,28
2018/7/14,11,5,28
2018/7/14,45,5,28
2018/7/14,3,5,28
2018/7/14,6,5,28
2018/7/14,22,5,28
2018/7/14,31,5,28
2018/7/14,5,5,28
2018/7/14,10,5,28
2018/7/14,5,5,28
2018/7/14,5,5,28
2018/7/14,5,5,28
2018/7/14,39,5,28
2018/7/14,10,5,28
2018/7/14,6,5,28
2018/7/14,11,5,28
2018/7/14,206,5,28
2018/7/14,69,5,28
2018/7/14,208,5,28
2018/7/14,5,5,28
2018/7/14,2,5,28
2018/7/14,13,5,28
2018/7/14,219,5,28
2018/7/14,51,5,28
2018/7/14,65,5,28
2018/7/14,169,5,28
2018/7/14,201,5,28
2018/7/14,101,5,28
2018/7/14,101,5,28
2018/7/14,12,5,28
2018/7/15,103,6,28
2018/7/15,48,6,28
2018/7/15,8,6,28
2018/7/15,6,6,28
2018/7/15,10,6,28
2018/7/15,112,6,28
2018/7/15,209,6,28
2018/7/15,8,6,28
2018/7/15,4,6,28
2018/7/15,19,6,28
2018/7/15,29,6,28
2018/7/15,51,6,28
2018/7/15,11,6,28
2018/7/15,5,6,28
2018/7/15,47,6,28
2018/7/15,121,6,28
2018/7/15,23,6,28
2018/7/15,9,6,28
2018/7/15,307,6,28
2018/7/15,147,6,28
2018/7/15,340,6,28
2018/7/15,21,6,28
2018/7/15,9,6,28
2018/7/15,8,6,28
2018/7/15,11,6,28
2018/7/15,25,6,28
2018/7/15,12,6,28
2018/7/15,2,6,28
2018/7/15,59,6,28
2018/7/15,33,6,28
2018/7/15,303,6,28
2018/7/15,309,6,28
2018/7/15,13,6,28
2018/7/15,23,6,28
2018/7/15,205,6,28
2018/7/15,10,6,28
2018/7/15,202,6,28
2018/7/15,8,6,28
2018/7/15,4,6,28
2018/7/15,15,6,28
2018/7/15,18,6,28
2018/7/15,259,6,28
2018/7/21,555,5,29
2018/7/21,108,5,29
2018/7/21,64,5,29
2018/7/21,57,5,29
2018/7/21,9,5,29
2018/7/21,93,5,29
2018/7/21,24,5,29
2018/7/21,9,5,29
2018/7/21,62,5,29
2018/7/21,53,5,29
2018/7/21,508,5,29
2018/7/21,10,5,29
2018/7/21,3,5,29
2018/7/21,8,5,29
2018/7/21,10,5,29
2018/7/21,15,5,29
2018/7/21,159,5,29
2018/7/21,12,5,29
2018/7/21,8,5,29
2018/7/21,24,5,29
2018/7/21,401,5,29
2018/7/21,37,5,29
2018/7/21,10,5,29
2018/7/21,5,5,29
2018/7/21,5,5,29
2018/7/21,9,5,29
2018/7/21,101,5,29
2018/7/21,109,5,29
2018/7/22,109,6,29
2018/7/22,201,6,29
2018/7/22,4,6,29
2018/7/22,11,6,29
2018/7/22,5,6,29
2018/7/22,11,6,29
2018/7/22,6,6,29
2018/7/22,57,6,29
2018/7/22,56,6,29
2018/7/22,301,6,29
2018/7/22,594,6,29
2018/7/22,53,6,29
2018/7/22,24,6,29
2018/7/22,8,6,29
2018/7/22,61,6,29
2018/7/22,20,6,29
2018/7/22,66,6,29
2018/7/22,3,6,29
2018/7/22,28,6,29
2018/7/22,9,6,29
2018/7/22,107,6,29
2018/7/22,366,6,29
2018/7/22,76,6,29
2018/7/22,5,6,29
2018/7/22,203,6,29
2018/7/22,200,6,29
2018/7/22,52,6,29
2018/7/22,201,6,29
2018/7/22,329,6,29
2018/7/22,203,6,29
2018/7/22,85,6,29
2018/7/22,208,6,29
2018/7/22,108,6,29
2018/7/22,19,6,29
2018/7/22,190,6,29
2018/7/28,33,5,30
2018/7/28,14,5,30
2018/7/28,282,5,30
2018/7/28,25,5,30
2018/7/28,54,5,30
2018/7/28,11,5,30
2018/7/28,44,5,30
2018/7/28,17,5,30
2018/7/28,12,5,30
2018/7/28,23,5,30
2018/7/28,7,5,30
2018/7/28,8,5,30
2018/7/28,10,5,30
2018/7/28,20,5,30
2018/7/28,6,5,30
2018/7/28,60,5,30
2018/7/28,10,5,30
2018/7/28,7,5,30
2018/7/28,10,5,30
2018/7/28,206,5,30
2018/7/28,13,5,30
2018/7/28,12,5,30
2018/7/28,8,5,30
2018/7/28,9,5,30
2018/7/28,8,5,30
2018/7/28,43,5,30
2018/7/28,8,5,30
2018/7/28,109,5,30
2018/7/28,10,5,30
2018/7/28,40,5,30
2018/7/28,51,5,30
2018/7/28,17,5,30
2018/7/28,4,5,30
2018/7/28,12,5,30
2018/7/28,11,5,30
2018/7/28,3,5,30
2018/7/28,9,5,30
2018/7/28,10,5,30
2018/7/28,656,5,30
2018/7/28,225,5,30
2018/7/28,65,5,30
2018/7/28,4,5,30
2018/7/28,8,5,30
2018/7/28,6,5,30
2018/7/28,302,5,30
2018/7/28,206,5,30
2018/7/28,7,5,30
2018/7/28,4,5,30
2018/7/28,521,5,30
2018/7/28,12,5,30
2018/7/28,13,5,30
2018/7/28,16,5,30
2018/7/28,56,5,30
2018/7/28,27,5,30
2018/7/28,71,5,30
2018/7/28,8,5,30
2018/7/28,2,5,30
2018/7/28,6,5,30
2018/7/28,36,5,30
2018/7/28,412,5,30
2018/7/28,25,5,30
2018/7/28,5,5,30
2018/7/28,37,5,30
2018/7/29,47,6,30
2018/7/29,9,6,30
2018/7/29,296,6,30
2018/7/29,13,6,30
2018/7/29,301,6,30
2018/7/29,43,6,30
2018/7/29,36,6,30
2018/7/29,37,6,30
2018/7/29,64,6,30
2018/7/29,10,6,30
2018/7/29,12,6,30
2018/7/29,5,6,30
2018/7/29,4,6,30
2018/7/29,35,6,30
2018/7/29,17,6,30
2018/7/29,7,6,30
2018/7/29,42,6,30
2018/7/29,8,6,30
2018/7/29,28,6,30
2018/7/29,17,6,30
2018/7/29,23,6,30
2018/7/29,317,6,30
2018/7/29,41,6,30
2018/7/29,19,6,30
2018/7/29,68,6,30
2018/7/29,34,6,30
2018/7/29,34,6,30
2018/7/29,12,6,30
2018/7/29,50,6,30
2018/7/29,19,6,30
2018/7/29,7,6,30
2018/7/29,7,6,30
2018/7/29,13,6,30
2018/7/29,10,6,30
2018/7/29,8,6,30
2018/7/29,8,6,30
2018/7/29,107,6,30
2018/7/29,69,6,30
2018/7/29,63,6,30
2018/7/29,14,6,30
2018/7/29,153,6,30
2018/7/29,43,6,30
2018/8/4,457,5,31
2018/8/4,127,5,31
2018/8/4,5,5,31
2018/8/4,8,5,31
2018/8/4,18,5,31
2018/8/4,8,5,31
2018/8/4,25,5,31
2018/8/4,5,5,31
2018/8/4,10,5,31
2018/8/4,17,5,31
2018/8/4,22,5,31
2018/8/4,409,5,31
2018/8/4,48,5,31
2018/8/4,23,5,31
2018/8/4,19,5,31
2018/8/4,10,5,31
2018/8/4,101,5,31
2018/8/4,56,5,31
2018/8/4,28,5,31
2018/8/4,11,5,31
2018/8/4,32,5,31
2018/8/4,22,5,31
2018/8/4,28,5,31
2018/8/4,508,5,31
2018/8/4,72,5,31
2018/8/4,5,5,31
2018/8/4,18,5,31
2018/8/4,106,5,31
2018/8/4,36,5,31
2018/8/4,256,5,31
2018/8/4,11,5,31
2018/8/4,54,5,31
2018/8/4,9,5,31
2018/8/4,42,5,31
2018/8/4,49,5,31
2018/8/4,15,5,31
2018/8/4,9,5,31
2018/8/4,7,5,31
2018/8/4,37,5,31
2018/8/4,3,5,31
2018/8/4,10,5,31
2018/8/4,4,5,31
2018/8/4,27,5,31
2018/8/4,38,5,31
2018/8/5,22,6,31
2018/8/5,13,6,31
2018/8/5,5,6,31
2018/8/5,136,6,31
2018/8/5,41,6,31
2018/8/5,107,6,31
2018/8/5,13,6,31
2018/8/5,33,6,31
2018/8/5,29,6,31
2018/8/5,89,6,31
2018/8/5,33,6,31
2018/8/5,38,6,31
2018/8/5,69,6,31
2018/8/5,41,6,31
2018/8/5,20,6,31
2018/8/5,33,6,31
2018/8/5,248,6,31
2018/8/5,7,6,31
2018/8/5,307,6,31
2018/8/5,302,6,31
2018/8/5,105,6,31
2018/8/5,15,6,31
2018/8/5,53,6,31
2018/8/5,5,6,31
2018/8/5,53,6,31
2018/8/5,73,6,31
2018/8/5,103,6,31
2018/8/5,808,6,31
2018/8/5,34,6,31
2018/8/5,69,6,31
2018/8/5,24,6,31
2018/8/5,36,6,31
2018/8/5,2,6,31
2018/8/5,7,6,31
2018/8/5,280,6,31
2018/8/5,22,6,31
2018/8/5,12,6,31
2018/8/5,26,6,31
2018/8/11,11,5,32
2018/8/11,12,5,32
2018/8/11,109,5,32
2018/8/11,152,5,32
2018/8/11,11,5,32
2018/8/11,7,5,32
2018/8/11,12,5,32
2018/8/11,3,5,32
2018/8/11,282,5,32
2018/8/11,6,5,32
2018/8/11,105,5,32
2018/8/11,12,5,32
2018/8/11,43,5,32
2018/8/11,69,5,32
2018/8/11,107,5,32
2018/8/11,103,5,32
2018/8/11,12,5,32
2018/8/11,52,5,32
2018/8/11,18,5,32
2018/8/11,29,5,32
2018/8/11,26,5,32
2018/8/11,185,5,32
2018/8/11,5,5,32
2018/8/11,57,5,32
2018/8/11,25,5,32
2018/8/11,23,5,32
2018/8/11,50,5,32
2018/8/11,62,5,32
2018/8/11,3,5,32
2018/8/11,5,5,32
2018/8/11,87,5,32
2018/8/11,56,5,32
2018/8/11,34,5,32
2018/8/11,27,5,32
2018/8/11,107,5,32
2018/8/11,18,5,32
2018/8/11,108,5,32
2018/8/11,52,5,32
2018/8/11,42,5,32
2018/8/11,11,5,32
2018/8/11,33,5,32
2018/8/11,109,5,32
2018/8/11,11,5,32
2018/8/11,81,5,32
2018/8/11,258,5,32
2018/8/11,28,5,32
2018/8/11,13,5,32
2018/8/11,4,5,32
2018/8/11,108,5,32
2018/8/11,7,5,32
2018/8/11,4,5,32
2018/8/11,3,5,32
2018/8/11,19,5,32
2018/8/11,29,5,32
2018/8/11,25,5,32
2018/8/11,7,5,32
2018/8/11,8,5,32
2018/8/11,338,5,32
2018/8/11,7,5,32
2018/8/11,14,5,32
2018/8/11,35,5,32
2018/8/11,15,5,32
2018/8/11,44,5,32
2018/8/11,8,5,32
2018/8/11,26,5,32
2018/8/11,7,5,32
2018/8/11,19,5,32
2018/8/11,45,5,32
2018/8/11,32,5,32
2018/8/11,102,5,32
2018/8/11,104,5,32
2018/8/11,1086,5,32
2018/8/11,2,5,32
2018/8/11,91,5,32
2018/8/11,54,5,32
2018/8/11,34,5,32
2018/8/11,10,5,32
2018/8/11,1,5,32
2018/8/11,3,5,32
2018/8/11,6,5,32
2018/8/11,32,5,32
2018/8/11,434,5,32
2018/8/11,8,5,32
2018/8/11,35,5,32
2018/8/12,102,6,32
2018/8/12,873,6,32
2018/8/12,17,6,32
2018/8/12,64,6,32
2018/8/12,21,6,32
2018/8/12,283,6,32
2018/8/12,29,6,32
2018/8/12,5,6,32
2018/8/12,201,6,32
2018/8/12,126,6,32
2018/8/12,18,6,32
2018/8/12,69,6,32
2018/8/12,21,6,32
2018/8/12,22,6,32
2018/8/12,39,6,32
2018/8/12,10,6,32
2018/8/12,69,6,32
2018/8/12,25,6,32
2018/8/12,8,6,32
2018/8/12,57,6,32
2018/8/12,6,6,32
2018/8/12,9,6,32
2018/8/12,59,6,32
2018/8/12,3,6,32
2018/8/12,20,6,32
2018/8/12,11,6,32
2018/8/12,5,6,32
2018/8/12,337,6,32
2018/8/12,33,6,32
2018/8/12,5,6,32
2018/8/12,15,6,32
2018/8/12,10,6,32
2018/8/12,7,6,32
2018/8/12,3,6,32
2018/8/12,6,6,32
2018/8/12,101,6,32
2018/8/12,6,6,32
2018/8/12,25,6,32
2018/8/12,7,6,32
2018/8/12,6,6,32
2018/8/12,8,6,32
2018/8/12,59,6,32
2018/8/12,55,6,32
2018/8/12,101,6,32
2018/8/12,401,6,32
2018/8/18,36,5,33
2018/8/18,39,5,33
2018/8/18,53,5,33
2018/8/18,52,5,33
2018/8/18,85,5,33
2018/8/18,178,5,33
2018/8/18,6,5,33
2018/8/18,6,5,33
2018/8/18,284,5,33
2018/8/18,405,5,33
2018/8/18,7,5,33
2018/8/18,238,5,33
2018/8/18,10,5,33
2018/8/18,32,5,33
2018/8/18,60,5,33
2018/8/18,298,5,33
2018/8/18,20,5,33
2018/8/18,49,5,33
2018/8/18,29,5,33
2018/8/18,5,5,33
2018/8/18,101,5,33
2018/8/18,85,5,33
2018/8/18,150,5,33
2018/8/18,36,5,33
2018/8/18,95,5,33
2018/8/18,41,5,33
2018/8/18,146,5,33
2018/8/18,205,5,33
2018/8/18,76,5,33
2018/8/18,10,5,33
2018/8/18,6,5,33
2018/8/18,303,5,33
2018/8/18,17,5,33
2018/8/18,24,5,33
2018/8/18,8,5,33
2018/8/18,5,5,33
2018/8/18,212,5,33
2018/8/18,6,5,33
2018/8/18,4,5,33
2018/8/18,29,5,33
2018/8/18,6,5,33
2018/8/18,10,5,33
2018/8/18,106,5,33
2018/8/18,96,5,33
2018/8/18,242,5,33
2018/8/18,136,5,33
2018/8/18,6,5,33
2018/8/18,8,5,33
2018/8/18,93,5,33
2018/8/18,11,5,33
2018/8/18,302,5,33
2018/8/18,105,5,33
2018/8/18,5,5,33
2018/8/18,8,5,33
2018/8/18,8,5,33
2018/8/18,42,5,33
2018/8/18,2,5,33
2018/8/18,7,5,33
2018/8/18,35,5,33
2018/8/18,158,5,33
2018/8/18,7,5,33
2018/8/18,2,5,33
2018/8/18,10,5,33
2018/8/19,204,6,33
2018/8/19,104,6,33
2018/8/19,124,6,33
2018/8/19,18,6,33
2018/8/19,10,6,33
2018/8/19,2,6,33
2018/8/19,5,6,33
2018/8/19,3,6,33
2018/8/19,6,6,33
2018/8/19,16,6,33
2018/8/19,20,6,33
2018/8/19,71,6,33
2018/8/19,42,6,33
2018/8/19,9,6,33
2018/8/19,91,6,33
2018/8/19,12,6,33
2018/8/19,63,6,33
2018/8/19,43,6,33
2018/8/19,72,6,33
2018/8/19,355,6,33
2018/8/19,10,6,33
2018/8/19,5,6,33
2018/8/19,12,6,33
2018/8/19,24,6,33
2018/8/19,13,6,33
2018/8/19,32,6,33
2018/8/19,231,6,33
2018/8/19,15,6,33
2018/8/19,52,6,33
2018/8/19,29,6,33
2018/8/19,10,6,33
2018/8/19,4,6,33
2018/8/19,14,6,33
2018/8/19,204,6,33
2018/8/19,56,6,33
2018/8/19,10,6,33
2018/8/19,6,6,33
2018/8/19,7,6,33
2018/8/19,2,6,33
2018/8/19,4,6,33
2018/8/19,202,6,33
2018/8/19,11,6,33
2018/8/19,4,6,33
2018/8/19,177,6,33
2018/8/25,7,5,34
2018/8/25,109,5,34
2018/8/25,2,5,34
2018/8/25,53,5,34
2018/8/25,404,5,34
2018/8/25,22,5,34
2018/8/25,279,5,34
2018/8/25,27,5,34
2018/8/25,203,5,34
2018/8/25,10,5,34
2018/8/25,8,5,34
2018/8/25,3,5,34
2018/8/25,14,5,34
2018/8/25,9,5,34
2018/8/25,7,5,34
2018/8/25,121,5,34
2018/8/25,56,5,34
2018/8/25,178,5,34
2018/8/25,63,5,34
2018/8/25,6,5,34
2018/8/25,7,5,34
2018/8/25,8,5,34
2018/8/25,73,5,34
2018/8/25,146,5,34
2018/8/25,607,5,34
2018/8/25,239,5,34
2018/8/25,66,5,34
2018/8/25,7,5,34
2018/8/25,34,5,34
2018/8/25,74,5,34
2018/8/25,7,5,34
2018/8/25,268,5,34
2018/8/25,5,5,34
2018/8/25,609,5,34
2018/8/25,103,5,34
2018/8/25,21,5,34
2018/8/25,8,5,34
2018/8/25,7,5,34
2018/8/25,8,5,34
2018/8/25,8,5,34
2018/8/25,9,5,34
2018/8/25,8,5,34
2018/8/25,16,5,34
2018/8/25,127,5,34
2018/8/25,6,5,34
2018/8/25,6,5,34
2018/8/25,11,5,34
2018/8/25,305,5,34
2018/8/25,11,5,34
2018/8/25,14,5,34
2018/8/25,8,5,34
2018/8/25,12,5,34
2018/8/25,8,5,34
2018/8/25,6,5,34
2018/8/25,58,5,34
2018/8/25,7,5,34
2018/8/25,43,5,34
2018/8/25,3,5,34
2018/8/25,4,5,34
2018/8/25,4,5,34
2018/8/25,7,5,34
2018/8/25,157,5,34
2018/8/25,12,5,34
2018/8/25,8,5,34
2018/8/25,9,5,34
2018/8/25,11,5,34
2018/8/25,51,5,34
2018/8/25,24,5,34
2018/8/25,10,5,34
2018/8/25,16,5,34
2018/8/25,9,5,34
2018/8/25,10,5,34
2018/8/25,24,5,34
2018/8/25,6,5,34
2018/8/25,8,5,34
2018/8/25,17,5,34
2018/8/25,5,5,34
2018/8/26,77,6,34
2018/8/26,17,6,34
2018/8/26,12,6,34
2018/8/26,13,6,34
2018/8/26,10,6,34
2018/8/26,19,6,34
2018/8/26,43,6,34
2018/8/26,205,6,34
2018/8/26,8,6,34
2018/8/26,508,6,34
2018/8/26,12,6,34
2018/8/26,5,6,34
2018/8/26,33,6,34
2018/8/26,13,6,34
2018/8/26,41,6,34
2018/8/26,49,6,34
2018/8/26,51,6,34
2018/8/26,7,6,34
2018/8/26,10,6,34
2018/8/26,71,6,34
2018/8/26,13,6,34
2018/8/26,27,6,34
2018/8/26,7,6,34
2018/8/26,25,6,34
2018/8/26,9,6,34
2018/8/26,22,6,34
2018/8/26,116,6,34
2018/8/26,7,6,34
2018/8/26,81,6,34
2018/8/26,7,6,34
2018/8/26,126,6,34
2018/8/26,289,6,34
2018/8/26,12,6,34
2018/8/26,23,6,34
2018/8/26,53,6,34
2018/8/26,19,6,34
2018/8/26,1086,6,34
2018/8/26,398,6,34
2018/8/26,9,6,34
2018/8/26,10,6,34
2018/8/26,11,6,34
2018/8/26,24,6,34
2018/8/26,9,6,34
2018/8/26,5,6,34
2018/8/26,29,6,34
2018/8/26,9,6,34
2018/8/26,60,6,34
2018/8/26,58,6,34
2018/8/26,16,6,34
2018/8/26,31,6,34
2018/8/26,53,6,34
2018/8/26,54,6,34
2018/8/26,12,6,34
2018/8/26,29,6,34
2018/8/26,9,6,34
2018/8/26,11,6,34
2018/8/26,11,6,34
2018/8/26,10,6,34
2018/8/26,51,6,34
2018/8/26,12,6,34
2018/8/26,7,6,34
2018/8/26,125,6,34
2018/8/26,34,6,34
2018/8/26,56,6,34
2018/8/26,52,6,34
2018/8/26,25,6,34
2018/8/26,3,6,34
2018/8/26,104,6,34
2018/8/26,5,6,34
2018/8/26,9,6,34
2018/8/26,10,6,34
2018/8/26,9,6,34
2018/9/1,4,5,35
2018/9/1,5,5,35
2018/9/1,51,5,35
2018/9/1,26,5,35
2018/9/1,12,5,35
2018/9/1,22,5,35
2018/9/1,115,5,35
2018/9/1,10,5,35
2018/9/1,9,5,35
2018/9/1,5,5,35
2018/9/1,477,5,35
2018/9/1,106,5,35
2018/9/1,203,5,35
2018/9/1,55,5,35
2018/9/1,6,5,35
2018/9/1,30,5,35
2018/9/1,14,5,35
2018/9/1,437,5,35
2018/9/1,90,5,35
2018/9/1,45,5,35
2018/9/1,8,5,35
2018/9/1,11,5,35
2018/9/1,65,5,35
2018/9/1,6,5,35
2018/9/1,15,5,35
2018/9/1,8,5,35
2018/9/1,6,5,35
2018/9/1,5,5,35
2018/9/1,108,5,35
2018/9/1,7,5,35
2018/9/1,28,5,35
2018/9/1,4,5,35
2018/9/1,4,5,35
2018/9/1,10,5,35
2018/9/1,11,5,35
2018/9/1,108,5,35
2018/9/1,24,5,35
2018/9/1,49,5,35
2018/9/1,6,5,35
2018/9/1,23,5,35
2018/9/2,34,6,35
2018/9/2,29,6,35
2018/9/2,125,6,35
2018/9/2,9,6,35
2018/9/2,8,6,35
2018/9/2,12,6,35
2018/9/2,106,6,35
2018/9/2,2,6,35
2018/9/2,12,6,35
2018/9/2,8,6,35
2018/9/2,83,6,35
2018/9/2,9,6,35
2018/9/2,78,6,35
2018/9/2,7,6,35
2018/9/2,36,6,35
2018/9/2,3,6,35
2018/9/2,109,6,35
2018/9/2,16,6,35
2018/9/2,262,6,35
2018/9/2,5,6,35
2018/9/2,6,6,35
2018/9/2,37,6,35
2018/9/2,48,6,35
2018/9/2,10,6,35
2018/9/2,2,6,35
2018/9/2,4,6,35
2018/9/2,6,6,35
2018/9/8,5,5,36
2018/9/8,6,5,36
2018/9/8,2,5,36
2018/9/8,9,5,36
2018/9/8,13,5,36
2018/9/8,7,5,36
2018/9/8,103,5,36
2018/9/8,7,5,36
2018/9/8,4,5,36
2018/9/8,11,5,36
2018/9/8,9,5,36
2018/9/8,155,5,36
2018/9/8,29,5,36
2018/9/8,36,5,36
2018/9/8,16,5,36
2018/9/8,14,5,36
2018/9/8,147,5,36
2018/9/8,8,5,36
2018/9/8,155,5,36
2018/9/8,106,5,36
2018/9/8,51,5,36
2018/9/8,56,5,36
2018/9/8,2,5,36
2018/9/8,41,5,36
2018/9/8,11,5,36
2018/9/8,62,5,36
2018/9/8,19,5,36
2018/9/8,38,5,36
2018/9/8,14,5,36
2018/9/8,1,5,36
2018/9/8,6,5,36
2018/9/8,109,5,36
2018/9/8,74,5,36
2018/9/8,29,5,36
2018/9/8,18,5,36
2018/9/8,9,5,36
2018/9/8,17,5,36
2018/9/8,45,5,36
2018/9/8,4,5,36
2018/9/8,56,5,36
2018/9/8,26,5,36
2018/9/8,68,5,36
2018/9/8,8,5,36
2018/9/8,59,5,36
2018/9/8,329,5,36
2018/9/8,20,5,36
2018/9/8,11,5,36
2018/9/8,35,5,36
2018/9/8,15,5,36
2018/9/8,23,5,36
2018/9/8,37,5,36
2018/9/8,4,5,36
2018/9/8,9,5,36
2018/9/8,13,5,36
2018/9/8,8,5,36
2018/9/8,4,5,36
2018/9/8,20,5,36
2018/9/8,53,5,36
2018/9/8,55,5,36
2018/9/8,6,5,36
2018/9/8,16,5,36
2018/9/8,201,5,36
2018/9/8,157,5,36
2018/9/8,2,5,36
2018/9/8,14,5,36
2018/9/8,10,5,36
2018/9/8,8,5,36
2018/9/8,303,5,36
2018/9/8,10,5,36
2018/9/8,9,5,36
2018/9/8,10,5,36
2018/9/8,13,5,36
2018/9/8,5,5,36
2018/9/8,9,5,36
2018/9/8,11,5,36
2018/9/8,2,5,36
2018/9/8,9,5,36
2018/9/8,6,5,36
2018/9/8,9,5,36
2018/9/8,7,5,36
2018/9/8,6,5,36
2018/9/8,4,5,36
2018/9/8,22,5,36
2018/9/8,1,5,36
2018/9/8,407,5,36
2018/9/8,5,5,36
2018/9/8,7,5,36
2018/9/8,203,5,36
2018/9/8,4,5,36
2018/9/8,108,5,36
2018/9/8,46,5,36
2018/9/8,9,5,36
2018/9/8,17,5,36
2018/9/8,159,5,36
2018/9/8,14,5,36
2018/9/8,75,5,36
2018/9/8,41,5,36
2018/9/8,68,5,36
2018/9/8,8,5,36
2018/9/8,7,5,36
2018/9/8,8,5,36
2018/9/8,3,5,36
2018/9/8,7,5,36
2018/9/8,56,5,36
2018/9/8,346,5,36
2018/9/8,18,5,36
2018/9/8,97,5,36
2018/9/8,401,5,36
2018/9/8,107,5,36
2018/9/8,55,5,36
2018/9/8,33,5,36
2018/9/8,9,5,36
2018/9/9,38,6,36
2018/9/9,157,6,36
2018/9/9,120,6,36
2018/9/9,6,6,36
2018/9/9,57,6,36
2018/9/9,353,6,36
2018/9/9,842,6,36
2018/9/9,179,6,36
2018/9/9,11,6,36
2018/9/9,5,6,36
2018/9/9,8,6,36
2018/9/9,7,6,36
2018/9/9,10,6,36
2018/9/9,5,6,36
2018/9/9,18,6,36
2018/9/9,6,6,36
2018/9/9,3,6,36
2018/9/9,11,6,36
2018/9/9,6,6,36
2018/9/9,23,6,36
2018/9/9,45,6,36
2018/9/9,137,6,36
2018/9/9,13,6,36
2018/9/9,31,6,36
2018/9/9,13,6,36
2018/9/9,10,6,36
2018/9/9,24,6,36
2018/9/9,59,6,36
2018/9/9,65,6,36
2018/9/9,31,6,36
2018/9/9,326,6,36
2018/9/9,11,6,36
2018/9/9,48,6,36
2018/9/9,3,6,36
2018/9/9,1536,6,36
2018/9/9,38,6,36
2018/9/9,206,6,36
2018/9/9,92,6,36
2018/9/9,19,6,36
2018/9/9,45,6,36
2018/9/9,3,6,36
2018/9/9,16,6,36
2018/9/9,45,6,36
2018/9/9,96,6,36
2018/9/9,7,6,36
2018/9/9,8,6,36
2018/9/9,5,6,36
2018/9/9,2,6,36
2018/9/9,106,6,36
2018/9/9,12,6,36
2018/9/9,107,6,36
2018/9/9,36,6,36
2018/9/9,3,6,36
2018/9/9,11,6,36
2018/9/9,307,6,36
2018/9/9,32,6,36
2018/9/9,3,6,36
2018/9/9,25,6,36
2018/9/9,50,6,36
2018/9/9,8,6,36
2018/9/9,49,6,36
2018/9/9,121,6,36
2018/9/9,15,6,36
2018/9/9,102,6,36
2018/9/9,11,6,36
2018/9/9,49,6,36
2018/9/15,14,5,37
2018/9/15,105,5,37
2018/9/15,663,5,37
2018/9/15,109,5,37
2018/9/15,162,5,37
2018/9/15,13,5,37
2018/9/15,169,5,37
2018/9/15,59,5,37
2018/9/15,2,5,37
2018/9/15,4,5,37
2018/9/15,18,5,37
2018/9/15,4,5,37
2018/9/15,57,5,37
2018/9/15,24,5,37
2018/9/15,6,5,37
2018/9/15,29,5,37
2018/9/15,6,5,37
2018/9/15,11,5,37
2018/9/15,453,5,37
2018/9/15,117,5,37
2018/9/15,154,5,37
2018/9/15,2,5,37
2018/9/15,39,5,37
2018/9/15,62,5,37
2018/9/15,10,5,37
2018/9/15,18,5,37
2018/9/15,45,5,37
2018/9/15,33,5,37
2018/9/15,651,5,37
2018/9/15,3,5,37
2018/9/15,7,5,37
2018/9/15,11,5,37
2018/9/15,9,5,37
2018/9/15,56,5,37
2018/9/15,14,5,37
2018/9/15,499,5,37
2018/9/15,19,5,37
2018/9/15,8,5,37
2018/9/15,23,5,37
2018/9/15,7,5,37
2018/9/15,167,5,37
2018/9/15,82,5,37
2018/9/15,73,5,37
2018/9/15,53,5,37
2018/9/15,49,5,37
2018/9/15,107,5,37
2018/9/15,24,5,37
2018/9/15,38,5,37
2018/9/15,60,5,37
2018/9/15,6,5,37
2018/9/15,2,5,37
2018/9/15,5,5,37
2018/9/15,13,5,37
2018/9/15,163,5,37
2018/9/15,137,5,37
2018/9/15,56,5,37
2018/9/15,148,5,37
2018/9/15,9,5,37
2018/9/15,104,5,37
2018/9/15,102,5,37
2018/9/15,54,5,37
2018/9/15,5,5,37
2018/9/15,38,5,37
2018/9/15,7,5,37
2018/9/15,6,5,37
2018/9/15,53,5,37
2018/9/15,23,5,37
2018/9/15,208,5,37
2018/9/15,9,5,37
2018/9/15,303,5,37
2018/9/15,6,5,37
2018/9/15,16,5,37
2018/9/15,16,5,37
2018/9/15,80,5,37
2018/9/15,47,5,37
2018/9/15,416,5,37
2018/9/16,179,6,37
2018/9/16,10,6,37
2018/9/16,3,6,37
2018/9/16,414,6,37
2018/9/16,9,6,37
2018/9/16,426,6,37
2018/9/16,14,6,37
2018/9/16,13,6,37
2018/9/16,13,6,37
2018/9/16,7,6,37
2018/9/16,287,6,37
2018/9/16,85,6,37
2018/9/16,12,6,37
2018/9/16,12,6,37
2018/9/16,39,6,37
2018/9/16,79,6,37
2018/9/16,72,6,37
2018/9/16,21,6,37
2018/9/16,6,6,37
2018/9/16,7,6,37
2018/9/16,6,6,37
2018/9/16,6,6,37
2018/9/16,4,6,37
2018/9/16,10,6,37
2018/9/22,7,5,38
2018/9/22,11,5,38
2018/9/22,3,5,38
2018/9/22,6,5,38
2018/9/22,44,5,38
2018/9/22,12,5,38
2018/9/22,9,5,38
2018/9/22,5,5,38
2018/9/22,11,5,38
2018/9/22,43,5,38
2018/9/22,55,5,38
2018/9/22,5,5,38
2018/9/22,11,5,38
2018/9/22,7,5,38
2018/9/22,57,5,38
2018/9/22,152,5,38
2018/9/22,5,5,38
2018/9/22,32,5,38
2018/9/22,17,5,38
2018/9/22,104,5,38
2018/9/22,6,5,38
2018/9/22,9,5,38
2018/9/22,2,5,38
2018/9/22,9,5,38
2018/9/22,2,5,38
2018/9/22,12,5,38
2018/9/22,82,5,38
2018/9/22,8,5,38
2018/9/22,8,5,38
2018/9/22,4,5,38
2018/9/22,3,5,38
2018/9/22,105,5,38
2018/9/22,6,5,38
2018/9/22,10,5,38
2018/9/22,13,5,38
2018/9/22,9,5,38
2018/9/22,5,5,38
2018/9/22,5,5,38
2018/9/22,45,5,38
2018/9/22,90,5,38
2018/9/22,3,5,38
2018/9/22,72,5,38
2018/9/22,4,5,38
2018/9/22,39,5,38
2018/9/22,77,5,38
2018/9/22,74,5,38
2018/9/22,277,5,38
2018/9/22,7,5,38
2018/9/22,13,5,38
2018/9/22,3,5,38
2018/9/22,10,5,38
2018/9/22,58,5,38
2018/9/22,24,5,38
2018/9/22,229,5,38
2018/9/22,3,5,38
2018/9/22,8,5,38
2018/9/22,4,5,38
2018/9/22,10,5,38
2018/9/22,15,5,38
2018/9/22,903,5,38
2018/9/22,3,5,38
2018/9/22,8,5,38
2018/9/22,437,5,38
2018/9/22,23,5,38
2018/9/22,86,5,38
2018/9/22,653,5,38
2018/9/22,506,5,38
2018/9/22,35,5,38
2018/9/22,7,5,38
2018/9/22,11,5,38
2018/9/22,7,5,38
2018/9/22,11,5,38
2018/9/22,14,5,38
2018/9/22,10,5,38
2018/9/22,3,5,38
2018/9/22,3,5,38
2018/9/22,5,5,38
2018/9/22,11,5,38
2018/9/22,5,5,38
2018/9/22,13,5,38
2018/9/22,3,5,38
2018/9/22,29,5,38
2018/9/22,167,5,38
2018/9/22,18,5,38
2018/9/22,4,5,38
2018/9/22,9,5,38
2018/9/22,4,5,38
2018/9/22,3,5,38
2018/9/22,10,5,38
2018/9/22,1588,5,38
2018/9/22,23,5,38
2018/9/22,7,5,38
2018/9/22,7,5,38
2018/9/22,30,5,38
2018/9/22,12,5,38
2018/9/22,4,5,38
2018/9/22,8,5,38
2018/9/22,14,5,38
2018/9/22,102,5,38
2018/9/22,8,5,38
2018/9/22,7,5,38
2018/9/22,37,5,38
2018/9/22,26,5,38
2018/9/22,9,5,38
2018/9/22,9,5,38
2018/9/22,5,5,38
2018/9/22,4,5,38
2018/9/22,7,5,38
2018/9/22,101,5,38
2018/9/22,53,5,38
2018/9/22,26,5,38
2018/9/22,6,5,38
2018/9/22,29,5,38
2018/9/22,8,5,38
2018/9/22,3,5,38
2018/9/22,10,5,38
2018/9/22,10,5,38
2018/9/22,10,5,38
2018/9/22,5,5,38
2018/9/22,7,5,38
2018/9/22,54,5,38
2018/9/22,5,5,38
2018/9/22,3,5,38
2018/9/22,5,5,38
2018/9/22,9,5,38
2018/9/22,5,5,38
2018/9/22,11,5,38
2018/9/22,36,5,38
2018/9/22,4,5,38
2018/9/22,20,5,38
2018/9/22,141,5,38
2018/9/23,31,6,38
2018/9/23,305,6,38
2018/9/23,15,6,38
2018/9/23,23,6,38
2018/9/23,20,6,38
2018/9/23,6,6,38
2018/9/23,97,6,38
2018/9/23,28,6,38
2018/9/23,9,6,38
2018/9/23,3,6,38
2018/9/23,2,6,38
2018/9/23,10,6,38
2018/9/23,10,6,38
2018/9/23,8,6,38
2018/9/23,8,6,38
2018/9/23,105,6,38
2018/9/23,479,6,38
2018/9/23,9,6,38
2018/9/23,304,6,38
2018/9/23,29,6,38
2018/9/23,4,6,38
2018/9/23,77,6,38
2018/9/23,145,6,38
2018/9/23,53,6,38
2018/9/23,19,6,38
2018/9/23,66,6,38
2018/9/23,31,6,38
2018/9/23,8,6,38
2018/9/23,8,6,38
2018/9/23,9,6,38
2018/9/23,148,6,38
2018/9/23,102,6,38
2018/9/23,7,6,38
2018/9/23,202,6,38
2018/9/23,15,6,38
2018/9/23,8,6,38
2018/9/23,4,6,38
2018/9/23,7,6,38
2018/9/23,6,6,38
2018/9/23,4,6,38
2018/9/23,3,6,38
2018/9/23,53,6,38
2018/9/23,9,6,38
2018/9/23,6,6,38
2018/9/23,9,6,38
2018/9/23,62,6,38
2018/9/23,7,6,38
2018/9/23,12,6,38
2018/9/23,6,6,38
2018/9/23,28,6,38
2018/9/23,19,6,38
2018/9/23,59,6,38
2018/9/23,76,6,38
2018/9/23,7,6,38
2018/9/23,2,6,38
2018/9/23,123,6,38
2018/9/29,58,5,39
2018/9/29,15,5,39
2018/9/29,305,5,39
2018/9/29,6,5,39
2018/9/29,43,5,39
2018/9/29,6,5,39
2018/9/29,306,5,39
2018/9/29,9,5,39
2018/9/29,8,5,39
2018/9/29,101,5,39
2018/9/29,85,5,39
2018/9/29,36,5,39
2018/9/29,21,5,39
2018/9/29,10,5,39
2018/9/29,68,5,39
2018/9/29,7,5,39
2018/9/29,134,5,39
2018/9/29,14,5,39
2018/9/29,18,5,39
2018/9/29,3,5,39
2018/9/29,127,5,39
2018/9/29,9,5,39
2018/9/29,1,5,39
2018/9/29,10,5,39
2018/9/29,6,5,39
2018/9/29,7,5,39
2018/9/29,18,5,39
2018/9/29,38,5,39
2018/9/29,203,5,39
2018/9/29,76,5,39
2018/9/29,315,5,39
2018/9/29,11,5,39
2018/9/29,490,5,39
2018/9/29,10,5,39
2018/9/29,52,5,39
2018/9/29,18,5,39
2018/9/29,13,5,39
2018/9/29,104,5,39
2018/9/29,11,5,39
2018/9/29,29,5,39
2018/9/29,14,5,39
2018/9/29,62,5,39
2018/9/29,8,5,39
2018/9/29,11,5,39
2018/9/29,82,5,39
2018/9/29,154,5,39
2018/9/29,9,5,39
2018/9/29,6,5,39
2018/9/29,10,5,39
2018/9/29,16,5,39
2018/9/29,109,5,39
2018/9/29,129,5,39
2018/9/29,605,5,39
2018/9/29,9,5,39
2018/9/29,55,5,39
2018/9/29,30,5,39
2018/9/29,21,5,39
2018/9/29,43,5,39
2018/9/29,9,5,39
2018/9/29,7,5,39
2018/9/29,5,5,39
2018/9/29,125,5,39
2018/9/29,9,5,39
2018/9/29,8,5,39
2018/9/29,7,5,39
2018/9/29,7,5,39
2018/9/29,8,5,39
2018/9/29,6,5,39
2018/9/29,6,5,39
2018/9/29,6,5,39
2018/9/29,9,5,39
2018/9/29,3,5,39
2018/9/29,2,5,39
2018/9/29,253,5,39
2018/9/29,721,5,39
2018/9/29,106,5,39
2018/9/29,5,5,39
2018/9/29,436,5,39
2018/9/29,136,5,39
2018/9/29,7,5,39
2018/9/29,294,5,39
2018/9/29,69,5,39
2018/9/29,40,5,39
2018/9/29,8,5,39
2018/9/29,106,5,39
2018/9/29,19,5,39
2018/9/29,2,5,39
2018/9/29,5,5,39
2018/9/29,12,5,39
2018/9/29,7,5,39
2018/9/29,3,5,39
2018/9/29,6,5,39
2018/9/29,7,5,39
2018/9/29,9,5,39
2018/9/29,77,5,39
2018/9/29,8,5,39
2018/9/29,2,5,39
2018/9/29,5,5,39
2018/9/29,5,5,39
2018/9/29,3,5,39
2018/9/29,10,5,39
2018/9/29,139,5,39
2018/9/29,7,5,39
2018/9/29,2,5,39
2018/9/29,5,5,39
2018/9/29,304,5,39
2018/9/29,24,5,39
2018/9/29,6,5,39
2018/9/29,89,5,39
2018/9/29,156,5,39
2018/9/29,14,5,39
2018/9/29,9,5,39
2018/9/29,34,5,39
2018/9/29,292,5,39
2018/9/29,46,5,39
2018/9/29,93,5,39
2018/9/29,58,5,39
2018/9/29,23,5,39
2018/9/30,8,6,39
2018/9/30,107,6,39
2018/9/30,2,6,39
2018/9/30,10,6,39
2018/9/30,107,6,39
2018/9/30,54,6,39
2018/9/30,8,6,39
2018/9/30,4,6,39
2018/9/30,19,6,39
2018/9/30,219,6,39
2018/9/30,51,6,39
2018/9/30,19,6,39
2018/9/30,84,6,39
2018/9/30,208,6,39
2018/9/30,405,6,39
2018/9/30,213,6,39
2018/9/30,22,6,39
2018/9/30,259,6,39
2018/9/30,13,6,39
2018/9/30,455,6,39
2018/9/30,304,6,39
2018/9/30,4,6,39
2018/9/30,57,6,39
2018/9/30,19,6,39
2018/9/30,8,6,39
2018/9/30,21,6,39
2018/9/30,5,6,39
2018/9/30,501,6,39
2018/9/30,29,6,39
2018/9/30,11,6,39
2018/9/30,15,6,39
2018/9/30,37,6,39
2018/9/30,27,6,39
2018/9/30,19,6,39
2018/9/30,203,6,39
2018/9/30,82,6,39
2018/9/30,101,6,39
2018/9/30,23,6,39
2018/9/30,46,6,39
2018/9/30,40,6,39
2018/9/30,270,6,39
2018/9/30,10,6,39
2018/9/30,26,6,39
2018/9/30,27,6,39
2018/9/30,21,6,39
2018/9/30,5,6,39
2018/9/30,14,6,39
2018/9/30,8,6,39
2018/9/30,8,6,39
2018/9/30,37,6,39
2018/9/30,15,6,39
2018/9/30,17,6,39
2018/9/30,65,6,39
2018/9/30,46,6,39
2018/9/30,35,6,39
2018/9/30,22,6,39
2018/9/30,187,6,39
2018/9/30,6,6,39
2018/9/30,9,6,39
2018/9/30,14,6,39
2018/9/30,25,6,39
2018/9/30,51,6,39
2018/9/30,42,6,39
2018/9/30,79,6,39
2018/9/30,5,6,39
2018/9/30,7,6,39
2018/9/30,9,6,39
2018/9/30,9,6,39
2018/9/30,10,6,39
2018/9/30,8,6,39
2018/9/30,6,6,39
2018/9/30,6,6,39
2018/9/30,10,6,39
2018/9/30,118,6,39
2018/9/30,213,6,39
2018/9/30,17,6,39
2018/9/30,24,6,39
2018/9/30,75,6,39
2018/9/30,153,6,39
2018/9/30,8,6,39
2018/9/30,414,6,39
2018/9/30,5,6,39
2018/9/30,14,6,39
2018/9/30,7,6,39
2018/9/30,29,6,39
2018/9/30,35,6,39
2018/9/30,12,6,39
2018/9/30,70,6,39
2018/9/30,8,6,39
2018/9/30,7,6,39
2018/9/30,13,6,39
2018/9/30,46,6,39
2018/9/30,12,6,39
2018/9/30,6,6,39
2018/9/30,8,6,39
2018/9/30,7,6,39
2018/9/30,10,6,39
2018/9/30,8,6,39
2018/9/30,51,6,39
2018/9/30,5,6,39
2018/9/30,226,6,39
2018/9/30,101,6,39
2018/9/30,47,6,39
2018/9/30,278,6,39
2018/9/30,13,6,39
2018/9/30,156,6,39
2018/9/30,3,6,39
2018/9/30,3,6,39
2018/9/30,13,6,39
2018/9/30,2,6,39
2018/9/30,6,6,39
2018/9/30,109,6,39
2018/9/30,7,6,39
2018/9/30,52,6,39
2018/9/30,7,6,39
2018/9/30,9,6,39
2018/9/30,23,6,39
2018/9/30,16,6,39
2018/9/30,904,6,39
2018/9/30,577,6,39
2018/9/30,330,6,39
2018/9/30,3,6,39
2018/9/30,9,6,39
2018/9/30,28,6,39
2018/9/30,6,6,39
2018/9/30,27,6,39
2018/9/30,29,6,39
2018/9/30,23,6,39
2018/9/30,107,6,39
2018/9/30,25,6,39
2018/9/30,12,6,39
2018/9/30,18,6,39
2018/9/30,163,6,39
2018/9/30,503,6,39
2018/9/30,105,6,39
2018/9/30,34,6,39
2018/9/30,205,6,39
2018/10/6,504,5,40
2018/10/6,231,5,40
2018/10/6,6,5,40
2018/10/6,36,5,40
2018/10/6,6,5,40
2018/10/6,10,5,40
2018/10/6,4,5,40
2018/10/6,8,5,40
2018/10/6,3,5,40
2018/10/6,5,5,40
2018/10/6,3,5,40
2018/10/6,31,5,40
2018/10/6,1088,5,40
2018/10/6,50,5,40
2018/10/6,410,5,40
2018/10/6,3,5,40
2018/10/6,2,5,40
2018/10/6,9,5,40
2018/10/6,50,5,40
2018/10/6,73,5,40
2018/10/6,50,5,40
2018/10/6,83,5,40
2018/10/6,9,5,40
2018/10/6,69,5,40
2018/10/6,134,5,40
2018/10/6,37,5,40
2018/10/6,38,5,40
2018/10/6,13,5,40
2018/10/6,5,5,40
2018/10/6,6,5,40
2018/10/6,4,5,40
2018/10/6,6,5,40
2018/10/6,8,5,40
2018/10/6,7,5,40
2018/10/6,52,5,40
2018/10/6,9,5,40
2018/10/6,4,5,40
2018/10/6,7,5,40
2018/10/6,4,5,40
2018/10/6,4,5,40
2018/10/6,10,5,40
2018/10/6,48,5,40
2018/10/6,137,5,40
2018/10/6,9,5,40
2018/10/6,5,5,40
2018/10/6,6,5,40
2018/10/7,30,6,40
2018/10/7,5,6,40
2018/10/7,7,6,40
2018/10/7,507,6,40
2018/10/7,16,6,40
2018/10/7,52,6,40
2018/10/7,9,6,40
2018/10/7,139,6,40
2018/10/7,26,6,40
2018/10/7,6,6,40
2018/10/7,22,6,40
2018/10/7,32,6,40
2018/10/7,8,6,40
2018/10/7,9,6,40
2018/10/7,81,6,40
2018/10/7,4,6,40
2018/10/7,5,6,40
2018/10/7,10,6,40
2018/10/7,10,6,40
2018/10/7,7,6,40
2018/10/7,13,6,40
2018/10/7,12,6,40
2018/10/7,35,6,40
2018/10/7,367,6,40
2018/10/7,505,6,40
2018/10/7,271,6,40
2018/10/7,86,6,40
2018/10/7,6,6,40
2018/10/7,15,6,40
2018/10/7,7,6,40
2018/10/7,308,6,40
2018/10/7,29,6,40
2018/10/7,106,6,40
2018/10/7,11,6,40
2018/10/7,36,6,40
2018/10/7,106,6,40
2018/10/7,39,6,40
2018/10/7,14,6,40
2018/10/7,18,6,40
2018/10/7,91,6,40
2018/10/7,121,6,40
2018/10/7,10,6,40
2018/10/7,308,6,40
2018/10/7,111,6,40
2018/10/7,4,6,40
2018/10/7,3,6,40
2018/10/7,57,6,40
2018/10/7,280,6,40
2018/10/7,2,6,40
2018/10/7,58,6,40
2018/10/7,38,6,40
2018/10/7,207,6,40
2018/10/7,606,6,40
2018/10/7,6,6,40
2018/10/7,24,6,40
2018/10/7,136,6,40
2018/10/7,21,6,40
2018/10/7,11,6,40
2018/10/7,5,6,40
2018/10/7,9,6,40
2018/10/7,15,6,40
2018/10/7,9,6,40
2018/10/7,44,6,40
2018/10/7,12,6,40
2018/10/7,13,6,40
2018/10/7,82,6,40
2018/10/7,3,6,40
2018/10/7,108,6,40
2018/10/7,51,6,40
2018/10/7,629,6,40
2018/10/7,16,6,40
2018/10/7,14,6,40
2018/10/7,54,6,40
2018/10/7,158,6,40
2018/10/7,355,6,40
2018/10/7,4,6,40
2018/10/7,9,6,40
2018/10/7,7,6,40
2018/10/7,10,6,40
2018/10/7,79,6,40
2018/10/7,29,6,40
2018/10/7,51,6,40
2018/10/7,8,6,40
2018/10/7,11,6,40
2018/10/7,2,6,40
2018/10/7,6,6,40
2018/10/7,6,6,40
2018/10/7,8,6,40
2018/10/7,109,6,40
2018/10/7,11,6,40
2018/10/7,10,6,40
2018/10/13,8,5,41
2018/10/13,6,5,41
2018/10/13,4,5,41
2018/10/13,38,5,41
2018/10/13,37,5,41
2018/10/13,14,5,41
2018/10/13,6,5,41
2018/10/13,107,5,41
2018/10/13,67,5,41
2018/10/13,2,5,41
2018/10/13,20,5,41
2018/10/13,68,5,41
2018/10/13,106,5,41
2018/10/13,5,5,41
2018/10/13,8,5,41
2018/10/13,3,5,41
2018/10/13,27,5,41
2018/10/13,22,5,41
2018/10/13,441,5,41
2018/10/13,5,5,41
2018/10/13,38,5,41
2018/10/13,30,5,41
2018/10/13,10,5,41
2018/10/13,90,5,41
2018/10/13,44,5,41
2018/10/13,443,5,41
2018/10/13,5,5,41
2018/10/13,5,5,41
2018/10/13,35,5,41
2018/10/13,29,5,41
2018/10/13,37,5,41
2018/10/13,26,5,41
2018/10/13,92,5,41
2018/10/13,88,5,41
2018/10/13,9,5,41
2018/10/13,45,5,41
2018/10/13,11,5,41
2018/10/13,58,5,41
2018/10/13,29,5,41
2018/10/13,903,5,41
2018/10/13,9,5,41
2018/10/13,72,5,41
2018/10/13,23,5,41
2018/10/13,19,5,41
2018/10/13,25,5,41
2018/10/13,48,5,41
2018/10/13,11,5,41
2018/10/13,284,5,41
2018/10/13,16,5,41
2018/10/13,6,5,41
2018/10/13,12,5,41
2018/10/13,18,5,41
2018/10/13,9,5,41
2018/10/13,3,5,41
2018/10/13,10,5,41
2018/10/13,16,5,41
2018/10/13,10,5,41
2018/10/13,9,5,41
2018/10/13,4,5,41
2018/10/13,5,5,41
2018/10/13,2,5,41
2018/10/13,3,5,41
2018/10/13,5,5,41
2018/10/13,5,5,41
2018/10/13,10,5,41
2018/10/13,108,5,41
2018/10/13,9,5,41
2018/10/13,23,5,41
2018/10/13,3,5,41
2018/10/13,8,5,41
2018/10/13,7,5,41
2018/10/13,10,5,41
2018/10/13,4,5,41
2018/10/13,9,5,41
2018/10/13,6,5,41
2018/10/13,9,5,41
2018/10/13,9,5,41
2018/10/13,8,5,41
2018/10/13,101,5,41
2018/10/13,466,5,41
2018/10/13,27,5,41
2018/10/13,39,5,41
2018/10/14,53,6,41
2018/10/14,13,6,41
2018/10/14,59,6,41
2018/10/14,5,6,41
2018/10/14,3,6,41
2018/10/14,122,6,41
2018/10/14,82,6,41
2018/10/14,9,6,41
2018/10/14,13,6,41
2018/10/14,259,6,41
2018/10/14,89,6,41
2018/10/14,36,6,41
2018/10/14,164,6,41
2018/10/14,9,6,41
2018/10/14,7,6,41
2018/10/14,2,6,41
2018/10/14,5,6,41
2018/10/14,7,6,41
2018/10/14,16,6,41
2018/10/14,10,6,41
2018/10/14,4,6,41
2018/10/14,56,6,41
2018/10/14,33,6,41
2018/10/14,29,6,41
2018/10/14,32,6,41
2018/10/14,4,6,41
2018/10/14,9,6,41
2018/10/14,9,6,41
2018/10/14,30,6,41
2018/10/14,23,6,41
2018/10/14,154,6,41
2018/10/14,10,6,41
2018/10/14,228,6,41
2018/10/14,102,6,41
2018/10/14,139,6,41
2018/10/14,12,6,41
2018/10/14,261,6,41
2018/10/14,14,6,41
2018/10/14,255,6,41
2018/10/14,20,6,41
2018/10/14,173,6,41
2018/10/14,14,6,41
2018/10/14,12,6,41
2018/10/14,11,6,41
2018/10/14,10,6,41
2018/10/14,244,6,41
2018/10/14,59,6,41
2018/10/14,3,6,41
2018/10/14,8,6,41
2018/10/14,69,6,41
2018/10/14,6,6,41
2018/10/14,4,6,41
2018/10/14,3,6,41
2018/10/14,10,6,41
2018/10/14,9,6,41
2018/10/14,4,6,41
2018/10/14,11,6,41
2018/10/14,8,6,41
2018/10/14,32,6,41
2018/10/14,21,6,41
2018/10/14,14,6,41
2018/10/14,109,6,41
2018/10/14,82,6,41
2018/10/14,55,6,41
2018/10/14,55,6,41
2018/10/14,9,6,41
2018/10/14,45,6,41
2018/10/14,28,6,41
2018/10/14,6,6,41
2018/10/14,7,6,41
2018/10/14,56,6,41
2018/10/14,152,6,41
2018/10/14,29,6,41
2018/10/14,331,6,41
2018/10/14,11,6,41
2018/10/14,62,6,41
2018/10/14,54,6,41
2018/10/14,55,6,41
2018/10/14,268,6,41
2018/10/14,85,6,41
2018/10/14,80,6,41
2018/10/14,23,6,41
2018/10/14,45,6,41
2018/10/14,54,6,41
2018/10/14,203,6,41
2018/10/20,107,5,42
2018/10/20,14,5,42
2018/10/20,8,5,42
2018/10/20,7,5,42
2018/10/20,8,5,42
2018/10/20,29,5,42
2018/10/20,8,5,42
2018/10/20,41,5,42
2018/10/20,135,5,42
2018/10/20,46,5,42
2018/10/20,23,5,42
2018/10/20,504,5,42
2018/10/20,21,5,42
2018/10/20,4,5,42
2018/10/20,29,5,42
2018/10/20,16,5,42
2018/10/20,6,5,42
2018/10/20,202,5,42
2018/10/20,22,5,42
2018/10/20,8,5,42
2018/10/20,3,5,42
2018/10/20,7,5,42
2018/10/20,7,5,42
2018/10/20,669,5,42
2018/10/20,1305,5,42
2018/10/20,6,5,42
2018/10/20,2,5,42
2018/10/20,14,5,42
2018/10/20,213,5,42
2018/10/20,705,5,42
2018/10/20,7,5,42
2018/10/20,83,5,42
2018/10/20,60,5,42
2018/10/20,14,5,42
2018/10/20,6,5,42
2018/10/20,456,5,42
2018/10/20,5,5,42
2018/10/20,18,5,42
2018/10/20,16,5,42
2018/10/20,5,5,42
2018/10/20,8,5,42
2018/10/20,4,5,42
2018/10/20,67,5,42
2018/10/20,29,5,42
2018/10/20,10,5,42
2018/10/20,6,5,42
2018/10/20,9,5,42
2018/10/20,3,5,42
2018/10/20,26,5,42
2018/10/20,12,5,42
2018/10/20,18,5,42
2018/10/20,10,5,42
2018/10/20,21,5,42
2018/10/20,1276,5,42
2018/10/20,509,5,42
2018/10/20,9,5,42
2018/10/20,31,5,42
2018/10/20,237,5,42
2018/10/20,12,5,42
2018/10/20,11,5,42
2018/10/20,19,5,42
2018/10/20,44,5,42
2018/10/20,14,5,42
2018/10/20,62,5,42
2018/10/20,23,5,42
2018/10/20,9,5,42
2018/10/20,7,5,42
2018/10/20,75,5,42
2018/10/20,94,5,42
2018/10/20,2,5,42
2018/10/20,83,5,42
2018/10/20,36,5,42
2018/10/20,2,5,42
2018/10/20,13,5,42
2018/10/20,10,5,42
2018/10/21,58,6,42
2018/10/21,19,6,42
2018/10/21,5,6,42
2018/10/21,21,6,42
2018/10/21,24,6,42
2018/10/21,5,6,42
2018/10/21,6,6,42
2018/10/21,159,6,42
2018/10/21,801,6,42
2018/10/21,332,6,42
2018/10/21,32,6,42
2018/10/21,7,6,42
2018/10/21,44,6,42
2018/10/21,12,6,42
2018/10/21,57,6,42
2018/10/21,10,6,42
2018/10/21,207,6,42
2018/10/21,25,6,42
2018/10/21,12,6,42
2018/10/21,26,6,42
2018/10/21,8,6,42
2018/10/21,13,6,42
2018/10/21,82,6,42
2018/10/21,28,6,42
2018/10/21,12,6,42
2018/10/21,317,6,42
2018/10/21,57,6,42
2018/10/21,47,6,42
2018/10/21,111,6,42
2018/10/21,77,6,42
2018/10/21,258,6,42
2018/10/21,39,6,42
2018/10/21,63,6,42
2018/10/21,50,6,42
2018/10/21,106,6,42
2018/10/21,140,6,42
2018/10/21,19,6,42
2018/10/21,14,6,42
2018/10/21,251,6,42
2018/10/21,409,6,42
2018/10/21,13,6,42
2018/10/21,19,6,42
2018/10/21,11,6,42
2018/10/21,229,6,42
2018/10/21,72,6,42
2018/10/21,207,6,42
2018/10/21,185,6,42
2018/10/21,126,6,42
2018/10/21,9,6,42
2018/10/21,9,6,42
2018/10/21,85,6,42
2018/10/21,55,6,42
2018/10/21,6,6,42
2018/10/21,102,6,42
2018/10/21,12,6,42
2018/10/21,11,6,42
2018/10/21,17,6,42
2018/10/21,10,6,42
2018/10/21,109,6,42
2018/10/21,10,6,42
2018/10/21,132,6,42
2018/10/21,45,6,42
2018/10/21,54,6,42
2018/10/21,3,6,42
2018/10/27,9,5,43
2018/10/27,8,5,43
2018/10/27,23,5,43
2018/10/27,129,5,43
2018/10/27,12,5,43
2018/10/27,4,5,43
2018/10/27,10,5,43
2018/10/27,225,5,43
2018/10/27,10,5,43
2018/10/27,10,5,43
2018/10/27,208,5,43
2018/10/27,92,5,43
2018/10/27,14,5,43
2018/10/27,28,5,43
2018/10/27,22,5,43
2018/10/27,18,5,43
2018/10/27,23,5,43
2018/10/27,106,5,43
2018/10/27,17,5,43
2018/10/27,24,5,43
2018/10/27,24,5,43
2018/10/27,45,5,43
2018/10/27,164,5,43
2018/10/27,71,5,43
2018/10/27,106,5,43
2018/10/27,388,5,43
2018/10/27,65,5,43
2018/10/27,145,5,43
2018/10/27,140,5,43
2018/10/27,98,5,43
2018/10/27,76,5,43
2018/10/27,59,5,43
2018/10/27,10,5,43
2018/10/27,12,5,43
2018/10/27,9,5,43
2018/10/27,7,5,43
2018/10/27,15,5,43
2018/10/27,103,5,43
2018/10/27,3,5,43
2018/10/27,146,5,43
2018/10/27,13,5,43
2018/10/27,101,5,43
2018/10/27,203,5,43
2018/10/27,5,5,43
2018/10/27,2,5,43
2018/10/27,2,5,43
2018/10/27,6,5,43
2018/10/27,13,5,43
2018/10/27,29,5,43
2018/10/27,6,5,43
2018/10/27,56,5,43
2018/10/27,59,5,43
2018/10/27,162,5,43
2018/10/27,6,5,43
2018/10/27,19,5,43
2018/10/27,2,5,43
2018/10/27,7,5,43
2018/10/27,15,5,43
2018/10/27,2,5,43
2018/10/27,38,5,43
2018/10/27,34,5,43
2018/10/27,198,5,43
2018/10/27,32,5,43
2018/10/27,53,5,43
2018/10/27,16,5,43
2018/10/27,138,5,43
2018/10/27,7,5,43
2018/10/27,2,5,43
2018/10/27,6,5,43
2018/10/27,2,5,43
2018/10/28,339,6,43
2018/10/28,75,6,43
2018/10/28,7,6,43
2018/10/28,12,6,43
2018/10/28,55,6,43
2018/10/28,34,6,43
2018/10/28,69,6,43
2018/10/28,105,6,43
2018/10/28,39,6,43
2018/10/28,48,6,43
2018/10/28,11,6,43
2018/10/28,109,6,43
2018/10/28,207,6,43
2018/10/28,7,6,43
2018/10/28,5,6,43
2018/10/28,208,6,43
2018/10/28,3,6,43
2018/10/28,101,6,43
2018/10/28,9,6,43
2018/10/28,5,6,43
2018/10/28,5,6,43
2018/10/28,285,6,43
2018/10/28,3,6,43
2018/10/28,109,6,43
2018/10/28,160,6,43
2018/10/28,29,6,43
2018/10/28,5,6,43
2018/10/28,509,6,43
2018/10/28,5,6,43
2018/10/28,11,6,43
2018/10/28,5,6,43
2018/10/28,2,6,43
2018/10/28,12,6,43
2018/10/28,81,6,43
2018/10/28,24,6,43
2018/10/28,9,6,43
2018/10/28,22,6,43
2018/10/28,33,6,43
2018/10/28,175,6,43
2018/10/28,5,6,43
2018/10/28,22,6,43
2018/10/28,59,6,43
2018/10/28,14,6,43
2018/10/28,74,6,43
2018/10/28,103,6,43
2018/10/28,32,6,43
2018/10/28,37,6,43
2018/10/28,11,6,43
2018/10/28,12,6,43
2018/10/28,8,6,43
2018/10/28,10,6,43
2018/10/28,1105,6,43
2018/10/28,28,6,43
2018/10/28,52,6,43
2018/10/28,74,6,43
2018/10/28,8,6,43
2018/10/28,82,6,43
2018/10/28,59,6,43
2018/10/28,102,6,43
2018/10/28,41,6,43
2018/10/28,3,6,43
2018/10/28,2,6,43
2018/10/28,3,6,43
2018/10/28,5,6,43
2018/10/28,6,6,43
2018/10/28,156,6,43
2018/10/28,44,6,43
2018/10/28,212,6,43
2018/10/28,35,6,43
2018/10/28,21,6,43
2018/10/28,45,6,43
2018/10/28,5,6,43
2018/10/28,11,6,43
2018/10/28,25,6,43
2018/10/28,209,6,43
2018/10/28,102,6,43
2018/10/28,302,6,43
2018/10/28,23,6,43
2018/10/28,47,6,43
2018/10/28,2,6,43
2018/10/28,8,6,43
2018/10/28,8,6,43
2018/10/28,48,6,43
2018/10/28,58,6,43
2018/10/28,144,6,43
2018/10/28,10,6,43
2018/10/28,13,6,43
2018/10/28,2,6,43
2018/10/28,3,6,43
2018/10/28,11,6,43
2018/10/28,13,6,43
2018/10/28,8,6,43
2018/10/28,22,6,43
2018/10/28,3,6,43
2018/10/28,54,6,43
2018/10/28,35,6,43
2018/10/28,102,6,43
2018/11/3,8,5,44
2018/11/3,9,5,44
2018/11/3,104,5,44
2018/11/3,59,5,44
2018/11/3,263,5,44
2018/11/3,3,5,44
2018/11/3,11,5,44
2018/11/3,72,5,44
2018/11/3,155,5,44
2018/11/3,10,5,44
2018/11/3,8,5,44
2018/11/3,8,5,44
2018/11/3,13,5,44
2018/11/3,6,5,44
2018/11/3,36,5,44
2018/11/3,53,5,44
2018/11/3,28,5,44
2018/11/3,13,5,44
2018/11/3,103,5,44
2018/11/3,7,5,44
2018/11/3,108,5,44
2018/11/3,19,5,44
2018/11/3,57,5,44
2018/11/3,89,5,44
2018/11/3,2,5,44
2018/11/3,16,5,44
2018/11/3,34,5,44
2018/11/3,10,5,44
2018/11/3,6,5,44
2018/11/3,344,5,44
2018/11/3,9,5,44
2018/11/3,3,5,44
2018/11/3,9,5,44
2018/11/3,6,5,44
2018/11/3,104,5,44
2018/11/3,49,5,44
2018/11/3,67,5,44
2018/11/3,29,5,44
2018/11/3,24,5,44
2018/11/3,23,5,44
2018/11/3,18,5,44
2018/11/3,108,5,44
2018/11/3,36,5,44
2018/11/3,26,5,44
2018/11/3,13,5,44
2018/11/3,19,5,44
2018/11/3,89,5,44
2018/11/3,301,5,44
2018/11/3,108,5,44
2018/11/3,8,5,44
2018/11/3,248,5,44
2018/11/3,10,5,44
2018/11/3,5,5,44
2018/11/3,45,5,44
2018/11/3,6,5,44
2018/11/3,14,5,44
2018/11/3,7,5,44
2018/11/3,4,5,44
2018/11/3,334,5,44
2018/11/3,249,5,44
2018/11/3,22,5,44
2018/11/3,540,5,44
2018/11/3,312,5,44
2018/11/3,303,5,44
2018/11/3,6,5,44
2018/11/3,177,5,44
2018/11/3,25,5,44
2018/11/3,5,5,44
2018/11/3,8,5,44
2018/11/3,10,5,44
2018/11/3,9,5,44
2018/11/3,3,5,44
2018/11/3,12,5,44
2018/11/3,10,5,44
2018/11/3,4,5,44
2018/11/3,14,5,44
2018/11/3,69,5,44
2018/11/3,82,5,44
2018/11/3,11,5,44
2018/11/3,53,5,44
2018/11/3,32,5,44
2018/11/3,6,5,44
2018/11/3,201,5,44
2018/11/3,181,5,44
2018/11/3,113,5,44
2018/11/3,107,5,44
2018/11/3,73,5,44
2018/11/3,59,5,44
2018/11/3,3,5,44
2018/11/3,2,5,44
2018/11/3,10,5,44
2018/11/3,10,5,44
2018/11/3,174,5,44
2018/11/3,5,5,44
2018/11/3,20,5,44
2018/11/3,27,5,44
2018/11/3,506,5,44
2018/11/3,22,5,44
2018/11/3,24,5,44
2018/11/3,49,5,44
2018/11/3,75,5,44
2018/11/3,202,5,44
2018/11/4,4,6,44
2018/11/4,102,6,44
2018/11/4,63,6,44
2018/11/4,5,6,44
2018/11/4,11,6,44
2018/11/4,19,6,44
2018/11/4,16,6,44
2018/11/4,7,6,44
2018/11/4,5,6,44
2018/11/4,578,6,44
2018/11/4,23,6,44
2018/11/4,8,6,44
2018/11/4,3,6,44
2018/11/4,6,6,44
2018/11/4,108,6,44
2018/11/4,9,6,44
2018/11/4,57,6,44
2018/11/4,201,6,44
2018/11/4,179,6,44
2018/11/4,87,6,44
2018/11/4,73,6,44
2018/11/4,47,6,44
2018/11/4,123,6,44
2018/11/4,11,6,44
2018/11/4,54,6,44
2018/11/4,5,6,44
2018/11/4,26,6,44
2018/11/4,104,6,44
2018/11/4,296,6,44
2018/11/4,22,6,44
2018/11/4,18,6,44
2018/11/4,6,6,44
2018/11/4,6,6,44
2018/11/4,10,6,44
2018/11/4,118,6,44
2018/11/4,304,6,44
2018/11/4,30,6,44
2018/11/4,13,6,44
2018/11/4,2,6,44
2018/11/4,10,6,44
2018/11/4,6,6,44
2018/11/4,2,6,44
2018/11/4,43,6,44
2018/11/4,17,6,44
2018/11/4,8,6,44
2018/11/4,38,6,44
2018/11/4,505,6,44
2018/11/4,4,6,44
2018/11/4,2,6,44
2018/11/4,10,6,44
2018/11/4,9,6,44
2018/11/4,14,6,44
2018/11/4,10,6,44
2018/11/4,51,6,44
2018/11/4,32,6,44
2018/11/4,5,6,44
2018/11/4,24,6,44
2018/11/4,19,6,44
2018/11/4,2,6,44
2018/11/4,52,6,44
2018/11/4,47,6,44
2018/11/4,3,6,44
2018/11/4,108,6,44
2018/11/4,109,6,44
2018/11/4,27,6,44
2018/11/4,6,6,44
2018/11/4,55,6,44
2018/11/4,10,6,44
2018/11/4,11,6,44
2018/11/4,17,6,44
2018/11/4,49,6,44
2018/11/4,56,6,44
2018/11/4,17,6,44
2018/11/4,10,6,44
2018/11/4,5,6,44
2018/11/4,18,6,44
2018/11/4,32,6,44
2018/11/4,307,6,44
2018/11/4,37,6,44
2018/11/4,13,6,44
2018/11/10,8,5,45
2018/11/10,4,5,45
2018/11/10,8,5,45
2018/11/10,9,5,45
2018/11/10,8,5,45
2018/11/10,11,5,45
2018/11/10,21,5,45
2018/11/10,3,5,45
2018/11/10,28,5,45
2018/11/10,20,5,45
2018/11/10,57,5,45
2018/11/10,2,5,45
2018/11/10,4,5,45
2018/11/10,12,5,45
2018/11/10,5,5,45
2018/11/10,6,5,45
2018/11/10,52,5,45
2018/11/10,7,5,45
2018/11/10,5,5,45
2018/11/10,8,5,45
2018/11/10,2,5,45
2018/11/10,8,5,45
2018/11/10,13,5,45
2018/11/10,6,5,45
2018/11/10,52,5,45
2018/11/10,216,5,45
2018/11/10,379,5,45
2018/11/10,207,5,45
2018/11/10,9,5,45
2018/11/10,3,5,45
2018/11/10,10,5,45
2018/11/10,9,5,45
2018/11/10,3,5,45
2018/11/10,14,5,45
2018/11/10,209,5,45
2018/11/10,61,5,45
2018/11/10,109,5,45
2018/11/10,35,5,45
2018/11/10,101,5,45
2018/11/10,84,5,45
2018/11/10,69,5,45
2018/11/10,89,5,45
2018/11/10,21,5,45
2018/11/10,12,5,45
2018/11/10,6,5,45
2018/11/10,106,5,45
2018/11/10,36,5,45
2018/11/10,64,5,45
2018/11/10,31,5,45
2018/11/10,104,5,45
2018/11/10,54,5,45
2018/11/10,152,5,45
2018/11/10,52,5,45
2018/11/10,57,5,45
2018/11/10,219,5,45
2018/11/10,29,5,45
2018/11/10,17,5,45
2018/11/10,36,5,45
2018/11/10,9,5,45
2018/11/10,86,5,45
2018/11/10,22,5,45
2018/11/10,106,5,45
2018/11/10,131,5,45
2018/11/10,3,5,45
2018/11/10,57,5,45
2018/11/10,8,5,45
2018/11/10,6,5,45
2018/11/10,8,5,45
2018/11/10,7,5,45
2018/11/10,9,5,45
2018/11/10,8,5,45
2018/11/10,39,5,45
2018/11/10,88,5,45
2018/11/10,7,5,45
2018/11/10,10,5,45
2018/11/10,57,5,45
2018/11/10,6,5,45
2018/11/10,228,5,45
2018/11/10,79,5,45
2018/11/10,304,5,45
2018/11/10,2,5,45
2018/11/10,10,5,45
2018/11/10,17,5,45
2018/11/10,105,5,45
2018/11/10,259,5,45
2018/11/10,157,5,45
2018/11/10,158,5,45
2018/11/10,51,5,45
2018/11/10,33,5,45
2018/11/10,23,5,45
2018/11/10,22,5,45
2018/11/10,36,5,45
2018/11/10,169,5,45
2018/11/10,36,5,45
2018/11/10,102,5,45
2018/11/10,97,5,45
2018/11/10,184,5,45
2018/11/10,81,5,45
2018/11/11,11,6,45
2018/11/11,10,6,45
2018/11/11,52,6,45
2018/11/11,28,6,45
2018/11/11,6,6,45
2018/11/11,6,6,45
2018/11/11,4,6,45
2018/11/11,10,6,45
2018/11/11,65,6,45
2018/11/11,17,6,45
2018/11/11,867,6,45
2018/11/11,68,6,45
2018/11/11,305,6,45
2018/11/11,7,6,45
2018/11/11,2,6,45
2018/11/11,53,6,45
2018/11/11,72,6,45
2018/11/11,249,6,45
2018/11/11,103,6,45
2018/11/11,11,6,45
2018/11/11,18,6,45
2018/11/11,13,6,45
2018/11/11,6,6,45
2018/11/11,9,6,45
2018/11/11,408,6,45
2018/11/11,153,6,45
2018/11/11,48,6,45
2018/11/11,5,6,45
2018/11/11,16,6,45
2018/11/11,247,6,45
2018/11/11,18,6,45
2018/11/11,10,6,45
2018/11/11,10,6,45
2018/11/11,252,6,45
2018/11/11,76,6,45
2018/11/11,9,6,45
2018/11/11,15,6,45
2018/11/11,18,6,45
2018/11/11,7,6,45
2018/11/11,20,6,45
2018/11/11,106,6,45
2018/11/11,603,6,45
2018/11/11,10,6,45
2018/11/11,10,6,45
2018/11/11,6,6,45
2018/11/11,16,6,45
2018/11/11,10,6,45
2018/11/11,26,6,45
2018/11/11,186,6,45
2018/11/11,5,6,45
2018/11/11,304,6,45
2018/11/11,9,6,45
2018/11/11,5,6,45
2018/11/11,182,6,45
2018/11/11,5,6,45
2018/11/11,6,6,45
2018/11/11,14,6,45
2018/11/11,78,6,45
2018/11/11,18,6,45
2018/11/11,10,6,45
2018/11/11,18,6,45
2018/11/11,44,6,45
2018/11/17,8,5,46
2018/11/17,80,5,46
2018/11/17,10,5,46
2018/11/17,9,5,46
2018/11/17,86,5,46
2018/11/17,209,5,46
2018/11/17,24,5,46
2018/11/17,21,5,46
2018/11/17,57,5,46
2018/11/17,35,5,46
2018/11/17,11,5,46
2018/11/17,33,5,46
2018/11/17,18,5,46
2018/11/17,143,5,46
2018/11/17,1271,5,46
2018/11/17,37,5,46
2018/11/17,11,5,46
2018/11/17,5,5,46
2018/11/17,102,5,46
2018/11/17,105,5,46
2018/11/17,11,5,46
2018/11/17,2,5,46
2018/11/17,10,5,46
2018/11/17,3,5,46
2018/11/17,490,5,46
2018/11/17,9,5,46
2018/11/17,9,5,46
2018/11/17,308,5,46
2018/11/17,301,5,46
2018/11/17,11,5,46
2018/11/17,601,5,46
2018/11/17,43,5,46
2018/11/17,204,5,46
2018/11/17,1,5,46
2018/11/17,363,5,46
2018/11/17,11,5,46
2018/11/17,12,5,46
2018/11/17,153,5,46
2018/11/17,10,5,46
2018/11/17,201,5,46
2018/11/17,11,5,46
2018/11/17,52,5,46
2018/11/17,33,5,46
2018/11/17,17,5,46
2018/11/17,9,5,46
2018/11/17,101,5,46
2018/11/17,12,5,46
2018/11/17,2,5,46
2018/11/17,9,5,46
2018/11/17,6,5,46
2018/11/17,9,5,46
2018/11/17,17,5,46
2018/11/17,10,5,46
2018/11/17,15,5,46
2018/11/17,4,5,46
2018/11/17,62,5,46
2018/11/17,249,5,46
2018/11/17,18,5,46
2018/11/17,13,5,46
2018/11/17,185,5,46
2018/11/17,4,5,46
2018/11/17,9,5,46
2018/11/17,5,5,46
2018/11/17,9,5,46
2018/11/17,5,5,46
2018/11/17,9,5,46
2018/11/17,6,5,46
2018/11/17,7,5,46
2018/11/17,10,5,46
2018/11/17,56,5,46
2018/11/17,43,5,46
2018/11/17,108,5,46
2018/11/17,73,5,46
2018/11/17,9,5,46
2018/11/17,17,5,46
2018/11/17,235,5,46
2018/11/17,13,5,46
2018/11/17,14,5,46
2018/11/17,202,5,46
2018/11/17,13,5,46
2018/11/17,13,5,46
2018/11/17,22,5,46
2018/11/17,105,5,46
2018/11/17,42,5,46
2018/11/17,25,5,46
2018/11/17,46,5,46
2018/11/17,53,5,46
2018/11/17,107,5,46
2018/11/17,29,5,46
2018/11/17,23,5,46
2018/11/17,308,5,46
2018/11/17,205,5,46
2018/11/17,568,5,46
2018/11/17,7,5,46
2018/11/17,291,5,46
2018/11/17,9,5,46
2018/11/17,66,5,46
2018/11/17,10,5,46
2018/11/18,10,6,46
2018/11/18,9,6,46
2018/11/18,5,6,46
2018/11/18,2,6,46
2018/11/18,13,6,46
2018/11/18,8,6,46
2018/11/18,9,6,46
2018/11/18,3,6,46
2018/11/18,5,6,46
2018/11/18,31,6,46
2018/11/18,78,6,46
2018/11/18,102,6,46
2018/11/18,108,6,46
2018/11/18,7,6,46
2018/11/18,5,6,46
2018/11/18,3,6,46
2018/11/18,8,6,46
2018/11/18,7,6,46
2018/11/18,103,6,46
2018/11/18,122,6,46
2018/11/18,108,6,46
2018/11/18,24,6,46
2018/11/18,142,6,46
2018/11/18,51,6,46
2018/11/18,57,6,46
2018/11/18,45,6,46
2018/11/18,47,6,46
2018/11/18,10,6,46
2018/11/18,20,6,46
2018/11/18,10,6,46
2018/11/18,27,6,46
2018/11/18,21,6,46
2018/11/18,103,6,46
2018/11/18,8,6,46
2018/11/18,8,6,46
2018/11/18,36,6,46
2018/11/18,8,6,46
2018/11/18,6,6,46
2018/11/18,9,6,46
2018/11/18,22,6,46
2018/11/18,30,6,46
2018/11/18,3,6,46
2018/11/18,10,6,46
2018/11/18,3,6,46
2018/11/18,10,6,46
2018/11/18,2,6,46
2018/11/18,5,6,46
2018/11/18,6,6,46
2018/11/18,6,6,46
2018/11/18,4,6,46
2018/11/18,6,6,46
2018/11/18,304,6,46
2018/11/18,19,6,46
2018/11/18,18,6,46
2018/11/18,12,6,46
2018/11/18,258,6,46
2018/11/18,33,6,46
2018/11/18,105,6,46
2018/11/18,237,6,46
2018/11/18,212,6,46
2018/11/18,44,6,46
2018/11/18,8,6,46
2018/11/18,14,6,46
2018/11/18,20,6,46
2018/11/18,19,6,46
2018/11/18,4,6,46
2018/11/18,34,6,46
2018/11/18,11,6,46
2018/11/24,106,5,47
2018/11/24,303,5,47
2018/11/24,2,5,47
2018/11/24,35,5,47
2018/11/24,3,5,47
2018/11/24,57,5,47
2018/11/24,56,5,47
2018/11/24,32,5,47
2018/11/24,24,5,47
2018/11/24,5,5,47
2018/11/24,54,5,47
2018/11/24,12,5,47
2018/11/24,36,5,47
2018/11/24,23,5,47
2018/11/24,11,5,47
2018/11/24,416,5,47
2018/11/24,7,5,47
2018/11/24,102,5,47
2018/11/24,18,5,47
2018/11/24,12,5,47
2018/11/24,131,5,47
2018/11/24,18,5,47
2018/11/24,12,5,47
2018/11/24,59,5,47
2018/11/24,79,5,47
2018/11/24,3,5,47
2018/11/24,3,5,47
2018/11/24,26,5,47
2018/11/24,217,5,47
2018/11/24,509,5,47
2018/11/24,121,5,47
2018/11/24,6,5,47
2018/11/24,42,5,47
2018/11/24,7,5,47
2018/11/24,14,5,47
2018/11/24,127,5,47
2018/11/24,83,5,47
2018/11/24,269,5,47
2018/11/24,6,5,47
2018/11/24,6,5,47
2018/11/24,15,5,47
2018/11/24,23,5,47
2018/11/24,19,5,47
2018/11/24,27,5,47
2018/11/24,31,5,47
2018/11/24,10,5,47
2018/11/24,16,5,47
2018/11/24,204,5,47
2018/11/24,6,5,47
2018/11/24,14,5,47
2018/11/24,57,5,47
2018/11/24,301,5,47
2018/11/24,8,5,47
2018/11/24,704,5,47
2018/11/24,225,5,47
2018/11/24,103,5,47
2018/11/24,8,5,47
2018/11/24,586,5,47
2018/11/24,5,5,47
2018/11/24,9,5,47
2018/11/24,451,5,47
2018/11/24,31,5,47
2018/11/24,40,5,47
2018/11/24,14,5,47
2018/11/24,4,5,47
2018/11/24,10,5,47
2018/11/24,6,5,47
2018/11/24,6,5,47
2018/11/24,108,5,47
2018/11/25,6,6,47
2018/11/25,6,6,47
2018/11/25,10,6,47
2018/11/25,8,6,47
2018/11/25,113,6,47
2018/11/25,71,6,47
2018/11/25,6,6,47
2018/11/25,10,6,47
2018/11/25,7,6,47
2018/11/25,6,6,47
2018/11/25,8,6,47
2018/11/25,2,6,47
2018/11/25,3,6,47
2018/11/25,44,6,47
2018/11/25,6,6,47
2018/11/25,78,6,47
2018/11/25,2,6,47
2018/11/25,8,6,47
2018/11/25,3,6,47
2018/11/25,5,6,47
2018/11/25,207,6,47
2018/11/25,8,6,47
2018/11/25,55,6,47
2018/11/25,17,6,47
2018/11/25,6,6,47
2018/11/25,10,6,47
2018/11/25,60,6,47
2018/11/25,154,6,47
2018/11/25,63,6,47
2018/11/25,219,6,47
2018/11/25,552,6,47
2018/11/25,27,6,47
2018/11/25,3,6,47
2018/11/25,10,6,47
2018/11/25,103,6,47
2018/11/25,17,6,47
2018/11/25,261,6,47
2018/11/25,2,6,47
2018/11/25,9,6,47
2018/11/25,7,6,47
2018/11/25,8,6,47
2018/11/25,11,6,47
2018/11/25,49,6,47
2018/11/25,46,6,47
2018/11/25,156,6,47
2018/11/25,20,6,47
2018/11/25,57,6,47
2018/11/25,10,6,47
2018/11/25,165,6,47
2018/11/25,10,6,47
2018/11/25,3,6,47
2018/11/25,155,6,47
2018/11/25,20,6,47
2018/11/25,16,6,47
2018/11/25,17,6,47
2018/11/25,4,6,47
2018/12/1,18,5,48
2018/12/1,14,5,48
2018/12/1,18,5,48
2018/12/1,258,5,48
2018/12/1,36,5,48
2018/12/1,41,5,48
2018/12/1,141,5,48
2018/12/1,10,5,48
2018/12/1,501,5,48
2018/12/1,8,5,48
2018/12/1,10,5,48
2018/12/1,5,5,48
2018/12/1,6,5,48
2018/12/1,2,5,48
2018/12/1,2,5,48
2018/12/1,37,5,48
2018/12/1,28,5,48
2018/12/1,13,5,48
2018/12/1,6,5,48
2018/12/1,54,5,48
2018/12/1,83,5,48
2018/12/1,51,5,48
2018/12/1,57,5,48
2018/12/1,36,5,48
2018/12/1,187,5,48
2018/12/1,118,5,48
2018/12/1,8,5,48
2018/12/1,10,5,48
2018/12/1,500,5,48
2018/12/1,5,5,48
2018/12/1,64,5,48
2018/12/1,9,5,48
2018/12/1,48,5,48
2018/12/1,9,5,48
2018/12/1,37,5,48
2018/12/1,30,5,48
2018/12/1,34,5,48
2018/12/1,19,5,48
2018/12/1,31,5,48
2018/12/1,5,5,48
2018/12/1,22,5,48
2018/12/1,202,5,48
2018/12/1,7,5,48
2018/12/1,116,5,48
2018/12/1,16,5,48
2018/12/1,6,5,48
2018/12/1,43,5,48
2018/12/1,54,5,48
2018/12/1,9,5,48
2018/12/1,10,5,48
2018/12/1,10,5,48
2018/12/1,3,5,48
2018/12/1,65,5,48
2018/12/1,21,5,48
2018/12/1,139,5,48
2018/12/1,58,5,48
2018/12/1,87,5,48
2018/12/2,3,6,48
2018/12/2,5,6,48
2018/12/2,11,6,48
2018/12/2,5,6,48
2018/12/2,11,6,48
2018/12/2,23,6,48
2018/12/2,32,6,48
2018/12/2,207,6,48
2018/12/2,105,6,48
2018/12/2,4,6,48
2018/12/2,5,6,48
2018/12/2,201,6,48
2018/12/2,1004,6,48
2018/12/2,18,6,48
2018/12/2,6,6,48
2018/12/2,64,6,48
2018/12/2,32,6,48
2018/12/2,754,6,48
2018/12/2,783,6,48
2018/12/2,53,6,48
2018/12/2,461,6,48
2018/12/2,38,6,48
2018/12/2,35,6,48
2018/12/2,119,6,48
2018/12/2,39,6,48
2018/12/2,63,6,48
2018/12/2,104,6,48
2018/12/2,12,6,48
2018/12/2,289,6,48
2018/12/2,44,6,48
2018/12/2,6,6,48
2018/12/2,58,6,48
2018/12/2,7,6,48
2018/12/2,6,6,48
2018/12/2,6,6,48
2018/12/2,202,6,48
2018/12/2,61,6,48
2018/12/2,6,6,48
2018/12/2,6,6,48
2018/12/2,8,6,48
2018/12/2,29,6,48
2018/12/2,7,6,48
2018/12/2,10,6,48
2018/12/2,8,6,48
2018/12/2,6,6,48
2018/12/2,4,6,48
2018/12/2,3,6,48
2018/12/2,2,6,48
2018/12/2,6,6,48
2018/12/2,100,6,48
2018/12/2,8,6,48
2018/12/2,69,6,48
2018/12/2,10,6,48
2018/12/2,103,6,48
2018/12/2,9,6,48
2018/12/2,9,6,48
2018/12/2,29,6,48
2018/12/2,13,6,48
2018/12/2,10,6,48
2018/12/2,209,6,48
2018/12/2,12,6,48
2018/12/2,256,6,48
2018/12/2,18,6,48
2018/12/2,202,6,48
2018/12/2,456,6,48
2018/12/8,8,5,49
2018/12/8,4,5,49
2018/12/8,3,5,49
2018/12/8,19,5,49
2018/12/8,19,5,49
2018/12/8,11,5,49
2018/12/8,123,5,49
2018/12/8,287,5,49
2018/12/8,58,5,49
2018/12/8,17,5,49
2018/12/8,501,5,49
2018/12/8,199,5,49
2018/12/8,203,5,49
2018/12/8,94,5,49
2018/12/8,3,5,49
2018/12/8,125,5,49
2018/12/8,47,5,49
2018/12/8,4,5,49
2018/12/8,58,5,49
2018/12/8,23,5,49
2018/12/8,45,5,49
2018/12/8,82,5,49
2018/12/8,7,5,49
2018/12/8,15,5,49
2018/12/8,59,5,49
2018/12/8,1213,5,49
2018/12/8,83,5,49
2018/12/8,9,5,49
2018/12/8,97,5,49
2018/12/8,51,5,49
2018/12/8,84,5,49
2018/12/8,16,5,49
2018/12/8,235,5,49
2018/12/8,91,5,49
2018/12/8,27,5,49
2018/12/8,66,5,49
2018/12/8,25,5,49
2018/12/8,3,5,49
2018/12/8,5,5,49
2018/12/8,409,5,49
2018/12/8,18,5,49
2018/12/8,5,5,49
2018/12/8,4,5,49
2018/12/8,6,5,49
2018/12/8,4,5,49
2018/12/8,4,5,49
2018/12/8,7,5,49
2018/12/8,12,5,49
2018/12/8,10,5,49
2018/12/8,121,5,49
2018/12/8,8,5,49
2018/12/8,57,5,49
2018/12/8,23,5,49
2018/12/8,4,5,49
2018/12/8,4,5,49
2018/12/8,79,5,49
2018/12/8,201,5,49
2018/12/8,7,5,49
2018/12/8,3,5,49
2018/12/8,108,5,49
2018/12/8,109,5,49
2018/12/8,21,5,49
2018/12/8,38,5,49
2018/12/8,18,5,49
2018/12/8,24,5,49
2018/12/8,11,5,49
2018/12/8,8,5,49
2018/12/8,15,5,49
2018/12/9,9,6,49
2018/12/9,6,6,49
2018/12/9,15,6,49
2018/12/9,59,6,49
2018/12/9,17,6,49
2018/12/9,4,6,49
2018/12/9,37,6,49
2018/12/9,409,6,49
2018/12/9,7,6,49
2018/12/9,10,6,49
2018/12/9,88,6,49
2018/12/9,4,6,49
2018/12/9,157,6,49
2018/12/9,18,6,49
2018/12/9,111,6,49
2018/12/9,36,6,49
2018/12/9,3,6,49
2018/12/9,39,6,49
2018/12/9,354,6,49
2018/12/9,5,6,49
2018/12/9,303,6,49
2018/12/9,67,6,49
2018/12/9,38,6,49
2018/12/9,15,6,49
2018/12/9,3,6,49
2018/12/9,28,6,49
2018/12/9,31,6,49
2018/12/9,11,6,49
2018/12/9,103,6,49
2018/12/9,159,6,49
2018/12/9,8,6,49
2018/12/9,305,6,49
2018/12/9,5,6,49
2018/12/9,3,6,49
2018/12/9,116,6,49
2018/12/9,288,6,49
2018/12/9,43,6,49
2018/12/9,548,6,49
2018/12/9,38,6,49
2018/12/9,5,6,49
2018/12/9,6,6,49
2018/12/9,10,6,49
2018/12/9,8,6,49
2018/12/9,4,6,49
2018/12/9,3,6,49
2018/12/9,21,6,49
2018/12/9,5,6,49
2018/12/9,5,6,49
2018/12/9,8,6,49
2018/12/9,5,6,49
2018/12/9,8,6,49
2018/12/9,5,6,49
2018/12/9,11,6,49
2018/12/9,14,6,49
2018/12/9,14,6,49
2018/12/9,10,6,49
2018/12/9,125,6,49
2018/12/9,103,6,49
2018/12/9,224,6,49
2018/12/9,47,6,49
2018/12/9,303,6,49
2018/12/15,8,5,50
2018/12/15,9,5,50
2018/12/15,10,5,50
2018/12/15,4,5,50
2018/12/15,302,5,50
2018/12/15,9,5,50
2018/12/15,14,5,50
2018/12/15,6,5,50
2018/12/15,5,5,50
2018/12/15,34,5,50
2018/12/15,7,5,50
2018/12/15,201,5,50
2018/12/15,105,5,50
2018/12/15,6,5,50
2018/12/15,39,5,50
2018/12/15,207,5,50
2018/12/15,123,5,50
2018/12/15,73,5,50
2018/12/15,301,5,50
2018/12/15,104,5,50
2018/12/15,201,5,50
2018/12/15,108,5,50
2018/12/15,28,5,50
2018/12/15,19,5,50
2018/12/15,330,5,50
2018/12/15,7,5,50
2018/12/15,23,5,50
2018/12/15,59,5,50
2018/12/15,86,5,50
2018/12/15,13,5,50
2018/12/15,5,5,50
2018/12/15,12,5,50
2018/12/15,15,5,50
2018/12/15,3,5,50
2018/12/15,138,5,50
2018/12/15,408,5,50
2018/12/15,2,5,50
2018/12/15,38,5,50
2018/12/15,6,5,50
2018/12/15,6,5,50
2018/12/15,51,5,50
2018/12/15,5,5,50
2018/12/15,8,5,50
2018/12/15,5,5,50
2018/12/15,8,5,50
2018/12/15,59,5,50
2018/12/15,17,5,50
2018/12/15,14,5,50
2018/12/15,7,5,50
2018/12/15,5,5,50
2018/12/15,26,5,50
2018/12/15,58,5,50
2018/12/15,7,5,50
2018/12/15,16,5,50
2018/12/15,71,5,50
2018/12/15,15,5,50
2018/12/15,108,5,50
2018/12/15,4,5,50
2018/12/15,57,5,50
2018/12/15,103,5,50
2018/12/15,4,5,50
2018/12/15,8,5,50
2018/12/15,32,5,50
2018/12/15,6,5,50
2018/12/15,11,5,50
2018/12/15,8,5,50
2018/12/15,14,5,50
2018/12/16,6,6,50
2018/12/16,11,6,50
2018/12/16,9,6,50
2018/12/16,5,6,50
2018/12/16,20,6,50
2018/12/16,7,6,50
2018/12/16,7,6,50
2018/12/16,102,6,50
2018/12/16,10,6,50
2018/12/16,5,6,50
2018/12/16,8,6,50
2018/12/16,7,6,50
2018/12/16,2,6,50
2018/12/16,6,6,50
2018/12/16,9,6,50
2018/12/16,60,6,50
2018/12/16,22,6,50
2018/12/16,75,6,50
2018/12/16,24,6,50
2018/12/16,57,6,50
2018/12/16,205,6,50
2018/12/16,6,6,50
2018/12/16,153,6,50
2018/12/16,57,6,50
2018/12/16,159,6,50
2018/12/16,22,6,50
2018/12/16,13,6,50
2018/12/16,57,6,50
2018/12/16,36,6,50
2018/12/16,14,6,50
2018/12/16,25,6,50
2018/12/16,29,6,50
2018/12/16,47,6,50
2018/12/16,308,6,50
2018/12/16,59,6,50
2018/12/16,147,6,50
2018/12/16,12,6,50
2018/12/16,83,6,50
2018/12/16,21,6,50
2018/12/16,10,6,50
2018/12/16,6,6,50
2018/12/16,7,6,50
2018/12/16,32,6,50
2018/12/16,203,6,50
2018/12/16,6,6,50
2018/12/16,10,6,50
2018/12/16,11,6,50
2018/12/16,10,6,50
2018/12/16,305,6,50
2018/12/16,39,6,50
2018/12/16,15,6,50
2018/12/16,209,6,50
2018/12/16,8,6,50
2018/12/16,4,6,50
2018/12/16,45,6,50
